title_deed_no,estate,township,erf,portion,sectional_scheme,unit,suburb,street,street_number,sales_date,registration_date,sales_price,size_m2,price_per_m2,possible_land_only,buyer_type,seller_type,number_of_owners,property_type,is_market_sale,data_source
ST15846/2026,Compensation Beach,COMPENSATION BEACH EXT 1,36,1,SS LA BALLITO,106,Compensation Beach,Jack Powell,8,2021-04-09,2026-06-05,62150,124,501,False,natural_person,legal_entity,3,sectional_title,True,lightstone_export
ST15479/2026,Compensation Beach,FU,931,468,SS THE BOULDERS,46,Compensation Beach,Compensation Beach,84AB,2026-02-25,2026-06-02,4000000,122,32786,False,natural_person,natural_person,2,sectional_title,True,lightstone_export
ST15154/2026,Compensation Beach,FU,931,528,SS LA MONTAGNE,59,Compensation Beach,Compensation Beach,100,,2026-05-29,0,71,0,False,natural_person,legal_entity,1,sectional_title,False,lightstone_export
ST15153/2026,Compensation Beach,FU,931,528,SS LA MONTAGNE,81,Compensation Beach,Compensation Beach,100,,2026-05-29,0,71,0,False,legal_entity,natural_person,1,sectional_title,False,lightstone_export
ST15205/2026,Compensation Beach,FU,931,351,SS CASABLANCA,19,Compensation Beach,Compensation Beach,98,2026-03-02,2026-05-29,2800000,155,18064,False,natural_person,natural_person,2,sectional_title,True,lightstone_export
ST15206/2026,Compensation Beach,FU,931,468,SS THE BOULDERS,10,Compensation Beach,Compensation Beach,84AB,2026-02-03,2026-05-29,3000000,125,24000,False,legal_entity,natural_person,1,sectional_title,True,lightstone_export
ST13887/2026,Compensation Beach,FU,931,468,SS THE BOULDERS,26,Compensation Beach,Compensation Beach,84AB,2026-02-12,2026-05-19,2650000,82,32317,False,legal_entity,legal_entity,1,sectional_title,True,lightstone_export
ST13156/2026,Compensation Beach,FU,931,522,SS THE BAY,10,Compensation Beach,Compensation Beach,96A,2026-01-27,2026-05-13,2950000,111,26576,False,legal_entity,natural_person,1,sectional_title,True,lightstone_export
ST12793/2026,Compensation Beach,FU,931,528,SS LA MONTAGNE,41,Compensation Beach,Compensation Beach,100,2023-07-28,2026-05-11,2000,36,55,False,legal_entity,natural_person,1,sectional_title,True,lightstone_export
ST12275/2026,Compensation Beach,COMPENSATION BEACH,41,0,SS LA PIROGUE,12,Compensation Beach,Compensation Beach,97,2025-02-19,2026-05-05,3250000,178,18258,False,natural_person,natural_person,2,sectional_title,True,lightstone_export
ST12042/2026,Compensation Beach,COMPENSATION BEACH EXT 1,36,1,SS LA BALLITO,20,Compensation Beach,Jack Powell,8,2026-02-03,2026-04-30,1725000,56,30803,False,natural_person,natural_person,2,sectional_title,True,lightstone_export
T11792/2026,Compensation Beach,BALLITOVILLE,220,0,,,Compensation Beach,Marion,39A,2025-12-13,2026-04-29,3450000,1257,2744,False,natural_person,natural_person,2,freehold,True,lightstone_export
ST11716/2026,Compensation Beach,FU,931,499,SS LA MUSTIQUE,13,Compensation Beach,Compensation Beach,94AB,,2026-04-29,0,172,0,False,natural_person,natural_person,2,sectional_title,False,lightstone_export
ST11191/2026,Compensation Beach,FU,931,528,SS LA MONTAGNE,13,Compensation Beach,Compensation Beach,100,2026-02-26,2026-04-23,2000,46,43,False,legal_entity,natural_person,1,sectional_title,True,lightstone_export
ST11310/2026,Compensation Beach,FU,931,463,SS BALLITO MANOR,1203,Compensation Beach,Compensation Beach,102B,2026-02-26,2026-04-23,4000000,137,29197,False,legal_entity,natural_person,1,sectional_title,True,lightstone_export
ST10250/2026,Compensation Beach,COMPENSATION BEACH EXT 1,36,1,SS LA BALLITO,103,Compensation Beach,Jack Powell,8,2026-01-18,2026-04-17,2500000,61,40983,False,natural_person,natural_person,1,sectional_title,True,lightstone_export
ST9957/2026,Compensation Beach,FU,931,528,SS LA MONTAGNE,99,Compensation Beach,Compensation Beach,100,2026-02-04,2026-04-15,1170000,80,14625,False,legal_entity,natural_person,1,sectional_title,True,lightstone_export
ST9021/2026,Compensation Beach,COMPENSATION BEACH EXT 1,36,1,SS LA BALLITO,106,Compensation Beach,Jack Powell,8,,2026-04-08,0,124,0,False,legal_entity,,1,sectional_title,False,lightstone_export
ST9022/2026,Compensation Beach,COMPENSATION BEACH EXT 1,36,1,SS LA BALLITO,107,Compensation Beach,Jack Powell,8,,2026-04-08,0,124,0,False,legal_entity,,1,sectional_title,False,lightstone_export
ST8669/2026,Compensation Beach,COMPENSATION BEACH EXT 1,36,1,SS LA BALLITO,29,Compensation Beach,Jack Powell,8,,2026-03-31,0,50,0,False,natural_person,natural_person,1,sectional_title,False,lightstone_export
ST8201/2026,Compensation Beach,FU,931,297,SS CORAL COVE LODGE,6,Compensation Beach,Compensation Beach,72,2025-12-09,2026-03-27,2200000,46,47826,False,natural_person,legal_entity,1,sectional_title,True,lightstone_export
ST7910/2026,Compensation Beach,FU,931,528,SS LA MONTAGNE,2,Compensation Beach,Compensation Beach,100,2025-10-17,2026-03-26,2000,38,52,False,legal_entity,natural_person,1,sectional_title,True,lightstone_export
ST8049/2026,Compensation Beach,COMPENSATION BEACH EXT 1,36,1,SS LA BALLITO,84,Compensation Beach,Jack Powell,8,2026-01-20,2026-03-26,1800000,56,32142,False,natural_person,legal_entity,1,sectional_title,True,lightstone_export
ST7709/2026,Compensation Beach,FU,931,516,SS BOULDER BAY LODGE,34,Compensation Beach,,,2026-01-26,2026-03-24,50000,134,373,False,natural_person,natural_person,1,sectional_title,True,lightstone_export
T7208/2026,Compensation Beach,BALLITOVILLE,161,0,,,Compensation Beach,Marion,4,2025-12-12,2026-03-20,4350000,1150,3782,False,natural_person,natural_person,2,freehold,True,lightstone_export
ST6931/2026,Compensation Beach,FU,931,516,SS BOULDER BAY LODGE,7,Compensation Beach,,,2026-02-11,2026-03-19,3500000,76,46052,False,legal_entity,natural_person,1,sectional_title,True,lightstone_export
ST6780/2026,Compensation Beach,FU,931,528,SS LA MONTAGNE,131,Compensation Beach,Compensation Beach,100,2026-01-23,2026-03-17,40000,88,454,False,natural_person,natural_person,2,sectional_title,True,lightstone_export
ST6340/2026,Compensation Beach,FU,931,390,SS PETENA,9,Compensation Beach,Compensation Beach,62,2025-11-18,2026-03-13,2125000,18,118055,False,natural_person,natural_person,1,sectional_title,True,lightstone_export
ST6340/2026,Compensation Beach,FU,931,390,SS PETENA,8,Compensation Beach,Compensation Beach,62,2025-11-18,2026-03-13,2125000,59,36016,False,natural_person,natural_person,1,sectional_title,True,lightstone_export
ST6376/2026,Compensation Beach,FU,931,463,SS BALLITO MANOR,2302,Compensation Beach,Compensation Beach,102B,2026-01-15,2026-03-13,3900000,127,30708,False,natural_person,legal_entity,2,sectional_title,True,lightstone_export
ST6069/2026,Compensation Beach,FU,931,463,SS BALLITO MANOR,2205,Compensation Beach,Compensation Beach,102B,2026-01-12,2026-03-11,5250000,263,19961,False,legal_entity,legal_entity,1,sectional_title,True,lightstone_export
ST5653/2026,Compensation Beach,COMPENSATION BEACH EXT 1,36,1,SS LA BALLITO,98,Compensation Beach,Jack Powell,8,2025-12-09,2026-03-06,3050000,105,29047,False,legal_entity,natural_person,1,sectional_title,True,lightstone_export
ST5183/2026,Compensation Beach,COMPENSATION BEACH EXT 1,36,1,SS LA BALLITO,23,Compensation Beach,Jack Powell,8,2026-01-17,2026-03-05,1550000,50,31000,False,natural_person,natural_person,2,sectional_title,True,lightstone_export
ST5178/2026,Compensation Beach,FU,931,522,SS THE BAY,7,Compensation Beach,Compensation Beach,96A,2026-01-07,2026-03-05,3130000,114,27456,False,natural_person,legal_entity,2,sectional_title,True,lightstone_export
ST4859/2026,Compensation Beach,FU,931,528,SS LA MONTAGNE,85,Compensation Beach,Compensation Beach,100,2024-04-19,2026-03-04,2500,36,69,False,legal_entity,natural_person,1,sectional_title,True,lightstone_export
T4685/2026,Compensation Beach,BALLITOVILLE,241,0,,,Compensation Beach,Adrienne,8,2025-10-19,2026-03-03,3500000,1432,2444,False,legal_entity,natural_person,1,freehold,True,lightstone_export
ST4795/2026,Compensation Beach,COMPENSATION BEACH EXT 1,36,1,SS LA BALLITO,48,Compensation Beach,Jack Powell,8,2025-11-07,2026-03-03,1600000,56,28571,False,legal_entity,natural_person,1,sectional_title,True,lightstone_export
ST4625/2026,Compensation Beach,FU,931,528,SS LA MONTAGNE,31,Compensation Beach,Compensation Beach,100,2025-12-19,2026-03-02,4500,45,100,False,legal_entity,natural_person,1,sectional_title,True,lightstone_export
ST4627/2026,Compensation Beach,FU,931,528,SS LA MONTAGNE,71,Compensation Beach,Compensation Beach,100,2025-12-23,2026-03-02,750000,45,16666,False,legal_entity,natural_person,1,sectional_title,True,lightstone_export
ST4841/2026,Compensation Beach,FU,931,528,SS LA MONTAGNE,115,Compensation Beach,Compensation Beach,100,,2026-03-02,0,73,0,False,natural_person,natural_person,1,sectional_title,False,lightstone_export
ST4626/2026,Compensation Beach,FU,931,528,SS LA MONTAGNE,8,Compensation Beach,Compensation Beach,100,2025-10-09,2026-03-02,630000,37,17027,False,legal_entity,natural_person,1,sectional_title,True,lightstone_export
ST3986/2026,Compensation Beach,FU,931,464,SS VALLEN LODGE,1,Compensation Beach,Compensation Beach,80,2025-09-11,2026-02-26,4250000,237,17932,False,legal_entity,legal_entity,1,sectional_title,True,lightstone_export
ST3828/2026,Compensation Beach,FU,931,497,SS LES MOUETTES,22,Compensation Beach,Compensation Beach,96B,2026-01-09,2026-02-25,3100000,91,34065,False,legal_entity,natural_person,1,sectional_title,True,lightstone_export
T2382/2026,Compensation Beach,BALLITOVILLE,296,0,,,Compensation Beach,Minerva,71,2026-01-09,2026-02-05,5000000,1095,4566,False,natural_person,natural_person,1,freehold,True,lightstone_export
ST1850/2026,Compensation Beach,FU,931,463,SS BALLITO MANOR,1301,Compensation Beach,Compensation Beach,102B,2025-11-04,2026-01-30,5000000,174,28735,False,legal_entity,natural_person,1,sectional_title,True,lightstone_export
ST1848/2026,Compensation Beach,FU,931,463,SS BALLITO MANOR,2202,Compensation Beach,Compensation Beach,102B,2025-10-29,2026-01-30,3550000,127,27952,False,legal_entity,legal_entity,1,sectional_title,True,lightstone_export
T1665/2026,Compensation Beach,BALLITOVILLE,209,0,,,Compensation Beach,Adrienne,10,2025-11-12,2026-01-29,4000000,1482,2699,False,legal_entity,natural_person,1,freehold,True,lightstone_export
ST1417/2026,Compensation Beach,FU,931,528,SS LA MONTAGNE,14,Compensation Beach,Compensation Beach,100,2025-09-09,2026-01-27,1000,74,13,False,legal_entity,legal_entity,1,sectional_title,False,lightstone_export
ST1416/2026,Compensation Beach,FU,931,528,SS LA MONTAGNE,15,Compensation Beach,Compensation Beach,100,2025-09-09,2026-01-27,1000,74,13,False,legal_entity,legal_entity,1,sectional_title,False,lightstone_export
ST581/2026,Compensation Beach,FU,931,528,SS LA MONTAGNE,25,Compensation Beach,Compensation Beach,100,2025-10-14,2026-01-15,2000,80,25,False,legal_entity,natural_person,1,sectional_title,True,lightstone_export
ST582/2026,Compensation Beach,FU,931,528,SS LA MONTAGNE,30,Compensation Beach,Compensation Beach,100,2025-10-15,2026-01-15,2000,36,55,False,legal_entity,natural_person,1,sectional_title,True,lightstone_export
ST261/2026,Compensation Beach,FU,931,528,SS LA MONTAGNE,125,Compensation Beach,Compensation Beach,100,2024-02-07,2026-01-08,2000,43,46,False,legal_entity,natural_person,1,sectional_title,True,lightstone_export
ST26/2026,Compensation Beach,COMPENSATION BEACH EXT 1,36,1,SS LA BALLITO,11,Compensation Beach,Jack Powell,8,2025-11-13,2026-01-06,1000000,50,20000,False,natural_person,natural_person,1,sectional_title,True,lightstone_export
ST76078/2025,Compensation Beach,FU,931,528,SS LA MONTAGNE,49,Compensation Beach,Compensation Beach,100,2025-10-20,2025-12-23,15728,45,349,False,legal_entity,natural_person,1,sectional_title,True,lightstone_export
ST76078/2025,Compensation Beach,FU,931,528,SS LA MONTAGNE,58,Compensation Beach,Compensation Beach,100,2025-10-20,2025-12-23,15728,45,349,False,legal_entity,natural_person,1,sectional_title,True,lightstone_export
ST75699/2025,Compensation Beach,FU,931,528,SS LA MONTAGNE,27,Compensation Beach,Compensation Beach,100,2025-11-05,2025-12-19,6000,36,166,False,legal_entity,natural_person,1,sectional_title,True,lightstone_export
ST75864/2025,Compensation Beach,FU,931,528,SS LA MONTAGNE,18,Compensation Beach,Compensation Beach,100,2025-11-07,2025-12-19,34000,36,944,False,legal_entity,natural_person,1,sectional_title,True,lightstone_export
ST75567/2025,Compensation Beach,FU,931,528,SS LA MONTAGNE,9,Compensation Beach,Compensation Beach,100,2025-10-04,2025-12-18,35945,37,971,False,legal_entity,natural_person,1,sectional_title,True,lightstone_export
ST75202/2025,Compensation Beach,FU,931,516,SS BOULDER BAY LODGE,37,Compensation Beach,,,2025-10-13,2025-12-15,2000,130,15,False,legal_entity,natural_person,1,sectional_title,True,lightstone_export
ST75202/2025,Compensation Beach,FU,931,516,SS BOULDER BAY LODGE,34,Compensation Beach,,,2025-10-13,2025-12-15,2000,134,14,False,legal_entity,natural_person,1,sectional_title,True,lightstone_export
ST75203/2025,Compensation Beach,FU,931,516,SS BOULDER BAY LODGE,34,Compensation Beach,,,2025-10-13,2025-12-15,2000,134,14,False,natural_person,natural_person,1,sectional_title,True,lightstone_export
ST73801/2025,Compensation Beach,COMPENSATION BEACH EXT 1,36,1,SS LA BALLITO,17,Compensation Beach,Jack Powell,8,2025-10-22,2025-12-04,1750000,86,20348,False,legal_entity,legal_entity,1,sectional_title,True,lightstone_export
ST73256/2025,Compensation Beach,FU,931,528,SS LA MONTAGNE,71,Compensation Beach,Compensation Beach,100,2025-09-29,2025-12-01,32115,45,713,False,legal_entity,natural_person,1,sectional_title,True,lightstone_export
ST72568/2025,Compensation Beach,COMPENSATION BEACH EXT 1,36,1,SS LA BALLITO,80,Compensation Beach,Jack Powell,8,2025-09-17,2025-11-26,2200000,86,25581,False,natural_person,legal_entity,1,sectional_title,True,lightstone_export
ST71855/2025,Compensation Beach,FU,931,528,SS LA MONTAGNE,119,Compensation Beach,Compensation Beach,100,2024-05-09,2025-11-19,2000,59,33,False,legal_entity,natural_person,1,sectional_title,True,lightstone_export
ST71854/2025,Compensation Beach,FU,931,528,SS LA MONTAGNE,40,Compensation Beach,Compensation Beach,100,2025-10-21,2025-11-19,2000,71,28,False,legal_entity,natural_person,1,sectional_title,True,lightstone_export
ST71853/2025,Compensation Beach,FU,931,528,SS LA MONTAGNE,18,Compensation Beach,Compensation Beach,100,2025-10-05,2025-11-19,53000,36,1472,False,legal_entity,natural_person,2,sectional_title,True,lightstone_export
ST71420/2025,Compensation Beach,FU,931,604,SS TONTIKI,13,Compensation Beach,Compensation Beach,76,2025-08-27,2025-11-17,4000000,186,21505,False,legal_entity,legal_entity,1,sectional_title,True,lightstone_export
ST71420/2025,Compensation Beach,FU,931,604,SS TONTIKI,19,Compensation Beach,Compensation Beach,76,2025-08-27,2025-11-17,4000000,17,235294,False,legal_entity,legal_entity,1,sectional_title,True,lightstone_export
ST71420/2025,Compensation Beach,FU,931,604,SS TONTIKI,36,Compensation Beach,Compensation Beach,76,2025-08-27,2025-11-17,4000000,6,666666,False,legal_entity,legal_entity,1,sectional_title,True,lightstone_export
ST71015/2025,Compensation Beach,FU,931,516,SS BOULDER BAY LODGE,17,Compensation Beach,,,2025-07-31,2025-11-13,2000,73,27,False,natural_person,natural_person,1,sectional_title,True,lightstone_export
ST70353/2025,Compensation Beach,FU,931,528,SS LA MONTAGNE,7,Compensation Beach,Compensation Beach,100,2025-08-11,2025-11-07,10000,82,121,False,legal_entity,natural_person,1,sectional_title,True,lightstone_export
ST70045/2025,Compensation Beach,COMPENSATION BEACH EXT 1,36,1,SS LA BALLITO,12,Compensation Beach,Jack Powell,8,2025-08-20,2025-11-04,1500000,50,30000,False,natural_person,natural_person,3,sectional_title,True,lightstone_export
ST70049/2025,Compensation Beach,FU,931,463,SS BALLITO MANOR,1106,Compensation Beach,Compensation Beach,102B,2025-09-01,2025-11-04,4000000,176,22727,False,legal_entity,natural_person,1,sectional_title,True,lightstone_export
T69664/2025,Compensation Beach,BALLITOVILLE,615,0,,,Compensation Beach,Salisbury,20,2025-08-16,2025-10-31,12000000,2108,5692,False,natural_person,legal_entity,1,freehold,True,lightstone_export
ST68493/2025,Compensation Beach,FU,931,464,SS VALLEN LODGE,5,Compensation Beach,Compensation Beach,80,2025-01-09,2025-10-22,4850000,278,17446,False,legal_entity,legal_entity,1,sectional_title,True,lightstone_export
ST68318/2025,Compensation Beach,FU,931,390,SS PETENA,2,Compensation Beach,Compensation Beach,62,2025-05-06,2025-10-21,1750000,83,21084,False,natural_person,natural_person,2,sectional_title,True,lightstone_export
ST68318/2025,Compensation Beach,FU,931,390,SS PETENA,15,Compensation Beach,Compensation Beach,62,2025-05-06,2025-10-21,1750000,18,97222,False,natural_person,natural_person,2,sectional_title,True,lightstone_export
T68026/2025,Compensation Beach,BALLITOVILLE,201,0,,,Compensation Beach,Marion,23,2025-04-29,2025-10-17,5830000,1338,4357,False,natural_person,natural_person,1,freehold,True,lightstone_export
ST68076/2025,Compensation Beach,FU,931,432,SS BALLITO SANDS,25,Compensation Beach,Compensation Beach,92A,2025-08-26,2025-10-17,3750000,20,187500,False,legal_entity,legal_entity,1,sectional_title,True,lightstone_export
ST68076/2025,Compensation Beach,FU,931,432,SS BALLITO SANDS,1,Compensation Beach,Compensation Beach,92A,2025-08-26,2025-10-17,3750000,105,35714,False,legal_entity,legal_entity,1,sectional_title,True,lightstone_export
ST67775/2025,Compensation Beach,FU,931,516,SS BOULDER BAY LODGE,31,Compensation Beach,,,2025-07-04,2025-10-15,2000,63,31,False,legal_entity,natural_person,1,sectional_title,True,lightstone_export
ST67660/2025,Compensation Beach,FU,931,516,SS BOULDER BAY LODGE,33,Compensation Beach,,,2025-07-21,2025-10-14,2690000,68,39558,False,natural_person,legal_entity,2,sectional_title,True,lightstone_export
ST67293/2025,Compensation Beach,FU,931,528,SS LA MONTAGNE,125,Compensation Beach,Compensation Beach,100,2025-09-08,2025-10-09,2000,43,46,False,legal_entity,natural_person,1,sectional_title,True,lightstone_export
ST67197/2025,Compensation Beach,COMPENSATION BEACH EXT 1,36,1,SS LA BALLITO,67,Compensation Beach,Jack Powell,8,2025-07-22,2025-10-09,1520000,50,30400,False,natural_person,natural_person,2,sectional_title,True,lightstone_export
ST66734/2025,Compensation Beach,FU,931,528,SS LA MONTAGNE,82,Compensation Beach,Compensation Beach,100,2025-07-24,2025-10-06,70000,71,985,False,legal_entity,natural_person,1,sectional_title,True,lightstone_export
ST66851/2025,Compensation Beach,FU,931,263,SS THE GRANGE BALLITO,7,Compensation Beach,Compensation Beach,92B,2025-08-22,2025-10-06,2600000,86,30232,False,natural_person,natural_person,2,sectional_title,True,lightstone_export
ST66481/2025,Compensation Beach,FU,931,528,SS LA MONTAGNE,85,Compensation Beach,Compensation Beach,100,,2025-10-02,0,36,0,False,natural_person,natural_person,3,sectional_title,False,lightstone_export
T66436/2025,Compensation Beach,BALLITOVILLE,291,0,,,Compensation Beach,Lindsay,5,2025-08-07,2025-10-01,6600000,1713,3852,False,legal_entity,natural_person,1,freehold,True,lightstone_export
ST65785/2025,Compensation Beach,FU,931,528,SS LA MONTAGNE,99,Compensation Beach,Compensation Beach,100,2025-06-30,2025-09-26,2000,80,25,False,natural_person,natural_person,1,sectional_title,True,lightstone_export
ST65918/2025,Compensation Beach,COMPENSATION BEACH EXT 1,36,1,SS LA BALLITO,44,Compensation Beach,Jack Powell,8,2025-07-15,2025-09-26,1675000,50,33500,False,legal_entity,natural_person,1,sectional_title,True,lightstone_export
ST65757/2025,Compensation Beach,FU,931,351,SS CASABLANCA,10,Compensation Beach,Compensation Beach,98,,2025-09-25,0,128,0,False,natural_person,natural_person,1,sectional_title,False,lightstone_export
ST65485/2025,Compensation Beach,FU,931,468,SS THE BOULDERS,65,Compensation Beach,Compensation Beach,84AB,2025-05-26,2025-09-23,4080000,153,26666,False,legal_entity,legal_entity,1,sectional_title,True,lightstone_export
ST65159/2025,Compensation Beach,FU,931,528,SS LA MONTAGNE,72,Compensation Beach,Compensation Beach,100,2025-07-09,2025-09-19,2000,71,28,False,legal_entity,natural_person,1,sectional_title,True,lightstone_export
ST65269/2025,Compensation Beach,BALLITOVILLE,1374,0,SS OCEAN HEIGHTS,5,Compensation Beach,General Lights,37744,,2025-09-19,0,138,0,False,natural_person,natural_person,1,sectional_title,False,lightstone_export
ST65269/2025,Compensation Beach,BALLITOVILLE,1374,0,SS OCEAN HEIGHTS,27,Compensation Beach,General Lights,37744,,2025-09-19,0,20,0,False,natural_person,natural_person,1,sectional_title,False,lightstone_export
ST64818/2025,Compensation Beach,FU,931,528,SS LA MONTAGNE,86,Compensation Beach,Compensation Beach,100,,2025-09-17,0,71,0,False,natural_person,natural_person,1,sectional_title,False,lightstone_export
ST64819/2025,Compensation Beach,FU,931,528,SS LA MONTAGNE,86,Compensation Beach,Compensation Beach,100,2024-09-01,2025-09-17,2000,71,28,False,legal_entity,natural_person,1,sectional_title,True,lightstone_export
ST64644/2025,Compensation Beach,FU,931,436,SS BERMUDA,12,Compensation Beach,Compensation Beach,102A,2024-05-09,2025-09-16,2950000,104,28365,False,legal_entity,natural_person,1,sectional_title,True,lightstone_export
ST64645/2025,Compensation Beach,FU,931,436,SS BERMUDA,30,Compensation Beach,Compensation Beach,102A,2024-05-09,2025-09-16,3775000,145,26034,False,legal_entity,natural_person,1,sectional_title,True,lightstone_export
ST64299/2025,Compensation Beach,BALLITOVILLE,1370,0,SS MARATEA,28,Compensation Beach,Lindsay,23,2025-07-04,2025-09-12,2650000,187,14171,False,natural_person,natural_person,2,sectional_title,True,lightstone_export
ST63982/2025,Compensation Beach,FU,931,528,SS LA MONTAGNE,37,Compensation Beach,Compensation Beach,100,2025-06-04,2025-09-10,2000,36,55,False,legal_entity,natural_person,1,sectional_title,True,lightstone_export
ST63865/2025,Compensation Beach,FU,931,528,SS LA MONTAGNE,33,Compensation Beach,Compensation Beach,100,2025-06-23,2025-09-09,2000,71,28,False,legal_entity,natural_person,1,sectional_title,True,lightstone_export
ST63317/2025,Compensation Beach,FU,931,528,SS LA MONTAGNE,71,Compensation Beach,Compensation Beach,100,2025-07-03,2025-09-03,42057,45,934,False,legal_entity,natural_person,1,sectional_title,True,lightstone_export
ST63185/2025,Compensation Beach,FU,931,528,SS LA MONTAGNE,90,Compensation Beach,Compensation Beach,100,2025-06-18,2025-09-02,52000,36,1444,False,legal_entity,natural_person,1,sectional_title,True,lightstone_export
ST62009/2025,Compensation Beach,FU,931,528,SS LA MONTAGNE,30,Compensation Beach,Compensation Beach,100,2025-07-13,2025-08-22,17000,36,472,False,legal_entity,natural_person,1,sectional_title,True,lightstone_export
ST61485/2025,Compensation Beach,FU,931,436,SS BERMUDA,15,Compensation Beach,Compensation Beach,102A,2025-05-10,2025-08-19,2700000,90,30000,False,legal_entity,natural_person,1,sectional_title,True,lightstone_export
ST61473/2025,Compensation Beach,COMPENSATION BEACH,41,0,SS LA PIROGUE,22,Compensation Beach,Compensation Beach,97,2025-05-22,2025-08-19,2800000,151,18543,False,natural_person,natural_person,1,sectional_title,True,lightstone_export
ST61363/2025,Compensation Beach,FU,931,297,SS CORAL COVE LODGE,7,Compensation Beach,Compensation Beach,72,2025-05-15,2025-08-18,2100000,52,40384,False,natural_person,natural_person,1,sectional_title,True,lightstone_export
ST60945/2025,Compensation Beach,FU,931,468,SS THE BOULDERS,56,Compensation Beach,Compensation Beach,84AB,2025-07-03,2025-08-13,4100000,163,25153,False,natural_person,natural_person,1,sectional_title,True,lightstone_export
ST60515/2025,Compensation Beach,FU,931,497,SS LES MOUETTES,25,Compensation Beach,Compensation Beach,96B,,2025-08-08,0,81,0,False,legal_entity,natural_person,1,sectional_title,False,lightstone_export
ST19831/2025,Compensation Beach,COMPENSATION BEACH EXT 1,36,1,SS LA BALLITO,39,Compensation Beach,Jack Powell,8,2025-04-25,2025-08-01,1350000,50,27000,False,natural_person,natural_person,2,sectional_title,True,lightstone_export
T19235/2025,Compensation Beach,BALLITOVILLE,191,0,,,Compensation Beach,Adrienne,5B,2025-05-06,2025-07-29,3720000,1153,3226,False,natural_person,natural_person,2,freehold,True,lightstone_export
ST18335/2025,Compensation Beach,FU,931,468,SS THE BOULDERS,15,Compensation Beach,Compensation Beach,84AB,2025-04-17,2025-07-18,1900000,46,41304,False,legal_entity,natural_person,1,sectional_title,True,lightstone_export
ST18106/2025,Compensation Beach,FU,931,528,SS LA MONTAGNE,19,Compensation Beach,Compensation Beach,100,2025-04-09,2025-07-17,2000,36,55,False,legal_entity,natural_person,1,sectional_title,True,lightstone_export
ST18178/2025,Compensation Beach,FU,931,612,SS SUNTRAP,2,Compensation Beach,,,2025-04-09,2025-07-17,4300000,181,23756,False,legal_entity,legal_entity,1,sectional_title,True,lightstone_export
ST18178/2025,Compensation Beach,FU,931,612,SS SUNTRAP,23,Compensation Beach,,,2025-04-09,2025-07-17,4300000,4,1075000,False,legal_entity,legal_entity,1,sectional_title,True,lightstone_export
ST18063/2025,Compensation Beach,COMPENSATION BEACH EXT 1,36,1,SS LA BALLITO,32,Compensation Beach,Jack Powell,8,2025-04-13,2025-07-16,1550000,50,31000,False,legal_entity,legal_entity,1,sectional_title,True,lightstone_export
ST17573/2025,Compensation Beach,FU,931,499,SS LA MUSTIQUE,29,Compensation Beach,Compensation Beach,94AB,2025-05-23,2025-07-10,3100000,135,22962,False,natural_person,natural_person,1,sectional_title,True,lightstone_export
T16759/2025,Compensation Beach,BALLITOVILLE,248,0,,,Compensation Beach,Adrienne,2A,2025-03-28,2025-07-02,2700000,1866,1446,False,natural_person,natural_person,1,freehold,True,lightstone_export
ST16404/2025,Compensation Beach,FU,931,436,SS BERMUDA,31,Compensation Beach,Compensation Beach,102A,2024-07-16,2025-06-27,4170252,141,29576,False,legal_entity,legal_entity,1,sectional_title,True,lightstone_export
ST16240/2025,Compensation Beach,FU,931,499,SS LA MUSTIQUE,22,Compensation Beach,Compensation Beach,94AB,2025-04-19,2025-06-26,2550000,130,19615,False,legal_entity,legal_entity,1,sectional_title,True,lightstone_export
ST15821/2025,Compensation Beach,FU,931,541,SS FRINTON-ON-SEA,24,Compensation Beach,Compensation Beach,78,2025-05-14,2025-06-23,4100000,17,241176,False,natural_person,natural_person,1,sectional_title,True,lightstone_export
ST15821/2025,Compensation Beach,FU,931,541,SS FRINTON-ON-SEA,5,Compensation Beach,Compensation Beach,78,2025-05-14,2025-06-23,4100000,166,24698,False,natural_person,natural_person,1,sectional_title,True,lightstone_export
ST15514/2025,Compensation Beach,FU,931,612,SS SUNTRAP,16,Compensation Beach,,,2025-02-19,2025-06-19,4050000,11,368181,False,natural_person,legal_entity,1,sectional_title,True,lightstone_export
ST15514/2025,Compensation Beach,FU,931,612,SS SUNTRAP,4,Compensation Beach,,,2025-02-19,2025-06-19,4050000,172,23546,False,natural_person,legal_entity,1,sectional_title,True,lightstone_export
ST14362/2025,Compensation Beach,FU,931,544,SS GOLDCLIFF,4,Compensation Beach,Compensation Beach,79,2025-03-19,2025-06-09,3600000,188,19148,False,natural_person,natural_person,2,sectional_title,True,lightstone_export
ST14245/2025,Compensation Beach,COMPENSATION BEACH,41,0,SS LA PIROGUE,20,Compensation Beach,Compensation Beach,97,2025-04-01,2025-06-06,3200000,168,19047,False,natural_person,natural_person,2,sectional_title,True,lightstone_export
ST14020/2025,Compensation Beach,FU,931,531,SS LE PARADIS,27,Compensation Beach,Compensation Beach,64,2025-04-05,2025-06-04,3100000,102,30392,False,natural_person,natural_person,2,sectional_title,True,lightstone_export
ST14034/2025,Compensation Beach,FU,931,497,SS LES MOUETTES,7,Compensation Beach,Compensation Beach,96B,2025-03-12,2025-06-04,2500000,81,30864,False,natural_person,natural_person,2,sectional_title,True,lightstone_export
ST13549/2025,Compensation Beach,FU,931,528,SS LA MONTAGNE,85,Compensation Beach,Compensation Beach,100,2021-12-02,2025-05-30,25000,36,694,False,legal_entity,natural_person,1,sectional_title,True,lightstone_export
ST13505/2025,Compensation Beach,COMPENSATION BEACH,41,0,SS LA PIROGUE,27,Compensation Beach,Compensation Beach,97,2025-04-17,2025-05-30,3400000,153,22222,False,legal_entity,natural_person,1,sectional_title,True,lightstone_export
ST13534/2025,Compensation Beach,COMPENSATION BEACH EXT 1,36,1,SS LA BALLITO,83,Compensation Beach,Jack Powell,8,2025-02-21,2025-05-30,1750000,56,31250,False,natural_person,natural_person,1,sectional_title,True,lightstone_export
T13172/2025,Compensation Beach,BALLITOVILLE,313,0,,,Compensation Beach,Adrienne,3,2025-04-09,2025-05-29,4000000,1012,3952,False,natural_person,natural_person,1,freehold,True,lightstone_export
ST12635/2025,Compensation Beach,FU,931,463,SS BALLITO MANOR,1206,Compensation Beach,Compensation Beach,102B,2025-04-07,2025-05-23,4000000,174,22988,False,natural_person,natural_person,1,sectional_title,True,lightstone_export
ST11437/2025,Compensation Beach,FU,931,468,SS THE BOULDERS,35,Compensation Beach,Compensation Beach,84AB,2025-01-06,2025-05-15,1950000,46,42391,False,natural_person,natural_person,1,sectional_title,True,lightstone_export
ST11142/2025,Compensation Beach,FU,931,528,SS LA MONTAGNE,64,Compensation Beach,Compensation Beach,100,2024-04-02,2025-05-12,2500,36,69,False,legal_entity,natural_person,1,sectional_title,True,lightstone_export
ST11284/2025,Compensation Beach,BALLITOVILLE,1370,0,SS MARATEA,2,Compensation Beach,Lindsay,23,2025-03-11,2025-05-12,2100000,158,13291,False,natural_person,legal_entity,1,sectional_title,True,lightstone_export
T11042/2025,Compensation Beach,BALLITOVILLE,122,0,,,Compensation Beach,Hawkins,8,2025-02-17,2025-05-09,9995000,1343,7442,False,legal_entity,legal_entity,1,freehold,True,lightstone_export
ST10940/2025,Compensation Beach,FU,931,531,SS LE PARADIS,15,Compensation Beach,Compensation Beach,64,2025-03-13,2025-05-08,2350000,102,23039,False,natural_person,natural_person,2,sectional_title,True,lightstone_export
T10860/2025,Compensation Beach,BALLITOVILLE,300,0,,,Compensation Beach,Minerva,63,2025-02-17,2025-05-08,8000000,1068,7490,False,legal_entity,natural_person,1,freehold,True,lightstone_export
ST10715/2025,Compensation Beach,FU,931,528,SS LA MONTAGNE,31,Compensation Beach,Compensation Beach,100,2025-03-27,2025-05-07,8000,45,177,False,natural_person,natural_person,1,sectional_title,True,lightstone_export
ST10373/2025,Compensation Beach,FU,931,528,SS LA MONTAGNE,110,Compensation Beach,Compensation Beach,100,2024-05-14,2025-05-05,30000,59,508,False,legal_entity,legal_entity,1,sectional_title,True,lightstone_export
ST10373/2025,Compensation Beach,FU,931,528,SS LA MONTAGNE,25,Compensation Beach,Compensation Beach,100,2024-05-14,2025-05-05,30000,80,375,False,legal_entity,legal_entity,1,sectional_title,True,lightstone_export
ST10373/2025,Compensation Beach,FU,931,528,SS LA MONTAGNE,84,Compensation Beach,Compensation Beach,100,2024-05-14,2025-05-05,30000,71,422,False,legal_entity,legal_entity,1,sectional_title,True,lightstone_export
ST10373/2025,Compensation Beach,FU,931,528,SS LA MONTAGNE,107,Compensation Beach,Compensation Beach,100,2024-05-14,2025-05-05,30000,58,517,False,legal_entity,legal_entity,1,sectional_title,True,lightstone_export
ST10372/2025,Compensation Beach,FU,931,528,SS LA MONTAGNE,112,Compensation Beach,Compensation Beach,100,2024-05-07,2025-05-05,1000,59,16,False,legal_entity,legal_entity,1,sectional_title,False,lightstone_export
ST10373/2025,Compensation Beach,FU,931,528,SS LA MONTAGNE,112,Compensation Beach,Compensation Beach,100,2024-05-14,2025-05-05,30000,59,508,False,legal_entity,legal_entity,1,sectional_title,True,lightstone_export
ST10373/2025,Compensation Beach,FU,931,528,SS LA MONTAGNE,32,Compensation Beach,Compensation Beach,100,2024-05-14,2025-05-05,30000,71,422,False,legal_entity,legal_entity,1,sectional_title,True,lightstone_export
ST10373/2025,Compensation Beach,FU,931,528,SS LA MONTAGNE,86,Compensation Beach,Compensation Beach,100,2024-05-14,2025-05-05,30000,71,422,False,legal_entity,legal_entity,1,sectional_title,True,lightstone_export
ST10373/2025,Compensation Beach,FU,931,528,SS LA MONTAGNE,11,Compensation Beach,Compensation Beach,100,2024-05-14,2025-05-05,30000,74,405,False,legal_entity,legal_entity,1,sectional_title,True,lightstone_export
ST10373/2025,Compensation Beach,FU,931,528,SS LA MONTAGNE,5,Compensation Beach,Compensation Beach,100,2024-05-14,2025-05-05,30000,75,400,False,legal_entity,legal_entity,1,sectional_title,True,lightstone_export
ST10373/2025,Compensation Beach,FU,931,528,SS LA MONTAGNE,119,Compensation Beach,Compensation Beach,100,2024-05-14,2025-05-05,30000,59,508,False,legal_entity,legal_entity,1,sectional_title,True,lightstone_export
ST10456/2025,Compensation Beach,FU,931,528,SS LA MONTAGNE,127,Compensation Beach,Compensation Beach,100,2025-03-10,2025-05-05,107000,59,1813,False,natural_person,natural_person,1,sectional_title,True,lightstone_export
ST10373/2025,Compensation Beach,FU,931,528,SS LA MONTAGNE,21,Compensation Beach,Compensation Beach,100,2024-05-14,2025-05-05,30000,80,375,False,legal_entity,legal_entity,1,sectional_title,True,lightstone_export
ST10373/2025,Compensation Beach,FU,931,528,SS LA MONTAGNE,33,Compensation Beach,Compensation Beach,100,2024-05-14,2025-05-05,30000,71,422,False,legal_entity,legal_entity,1,sectional_title,True,lightstone_export
ST10373/2025,Compensation Beach,FU,931,528,SS LA MONTAGNE,42,Compensation Beach,Compensation Beach,100,2024-05-14,2025-05-05,30000,36,833,False,legal_entity,legal_entity,1,sectional_title,True,lightstone_export
ST10373/2025,Compensation Beach,FU,931,528,SS LA MONTAGNE,6,Compensation Beach,Compensation Beach,100,2024-05-14,2025-05-05,30000,74,405,False,legal_entity,legal_entity,1,sectional_title,True,lightstone_export
ST10373/2025,Compensation Beach,FU,931,528,SS LA MONTAGNE,69,Compensation Beach,Compensation Beach,100,2024-05-14,2025-05-05,30000,107,280,False,legal_entity,legal_entity,1,sectional_title,True,lightstone_export
ST10373/2025,Compensation Beach,FU,931,528,SS LA MONTAGNE,99,Compensation Beach,Compensation Beach,100,2024-05-14,2025-05-05,30000,80,375,False,legal_entity,legal_entity,1,sectional_title,True,lightstone_export
ST10373/2025,Compensation Beach,FU,931,528,SS LA MONTAGNE,3,Compensation Beach,Compensation Beach,100,2024-05-14,2025-05-05,30000,76,394,False,legal_entity,legal_entity,1,sectional_title,True,lightstone_export
ST10373/2025,Compensation Beach,FU,931,528,SS LA MONTAGNE,4,Compensation Beach,Compensation Beach,100,2024-05-14,2025-05-05,30000,85,352,False,legal_entity,legal_entity,1,sectional_title,True,lightstone_export
ST10373/2025,Compensation Beach,FU,931,528,SS LA MONTAGNE,10,Compensation Beach,Compensation Beach,100,2024-05-14,2025-05-05,30000,73,410,False,legal_entity,legal_entity,1,sectional_title,True,lightstone_export
ST10373/2025,Compensation Beach,FU,931,528,SS LA MONTAGNE,122,Compensation Beach,Compensation Beach,100,2024-05-14,2025-05-05,30000,59,508,False,legal_entity,legal_entity,1,sectional_title,True,lightstone_export
ST10373/2025,Compensation Beach,FU,931,528,SS LA MONTAGNE,57,Compensation Beach,Compensation Beach,100,2024-05-14,2025-05-05,30000,36,833,False,legal_entity,legal_entity,1,sectional_title,True,lightstone_export
ST10373/2025,Compensation Beach,FU,931,528,SS LA MONTAGNE,46,Compensation Beach,Compensation Beach,100,2024-05-14,2025-05-05,30000,70,428,False,legal_entity,legal_entity,1,sectional_title,True,lightstone_export
ST10373/2025,Compensation Beach,FU,931,528,SS LA MONTAGNE,7,Compensation Beach,Compensation Beach,100,2024-05-14,2025-05-05,30000,82,365,False,legal_entity,legal_entity,1,sectional_title,True,lightstone_export
ST10373/2025,Compensation Beach,FU,931,528,SS LA MONTAGNE,29,Compensation Beach,Compensation Beach,100,2024-05-14,2025-05-05,30000,71,422,False,legal_entity,legal_entity,1,sectional_title,True,lightstone_export
ST10373/2025,Compensation Beach,FU,931,528,SS LA MONTAGNE,111,Compensation Beach,Compensation Beach,100,2024-05-14,2025-05-05,30000,59,508,False,legal_entity,legal_entity,1,sectional_title,True,lightstone_export
ST10445/2025,Compensation Beach,FU,931,463,SS BALLITO MANOR,1202,Compensation Beach,Compensation Beach,102B,2025-02-02,2025-05-05,3570000,137,26058,False,legal_entity,legal_entity,1,sectional_title,True,lightstone_export
ST10229/2025,Compensation Beach,FU,931,528,SS LA MONTAGNE,88,Compensation Beach,Compensation Beach,100,,2025-04-30,0,45,0,False,natural_person,natural_person,1,sectional_title,False,lightstone_export
ST10230/2025,Compensation Beach,FU,931,528,SS LA MONTAGNE,88,Compensation Beach,Compensation Beach,100,2024-08-21,2025-04-30,100,45,2,False,natural_person,natural_person,1,sectional_title,False,lightstone_export
ST10229/2025,Compensation Beach,FU,931,528,SS LA MONTAGNE,13,Compensation Beach,Compensation Beach,100,,2025-04-30,0,46,0,False,natural_person,natural_person,1,sectional_title,False,lightstone_export
ST10230/2025,Compensation Beach,FU,931,528,SS LA MONTAGNE,13,Compensation Beach,Compensation Beach,100,2024-08-21,2025-04-30,100,46,2,False,natural_person,natural_person,1,sectional_title,False,lightstone_export
ST9711/2025,Compensation Beach,FU,931,528,SS LA MONTAGNE,109,Compensation Beach,Compensation Beach,100,2025-03-06,2025-04-24,5000,59,84,False,natural_person,natural_person,2,sectional_title,True,lightstone_export
ST8866/2025,Compensation Beach,FU,931,528,SS LA MONTAGNE,37,Compensation Beach,Compensation Beach,100,2024-12-17,2025-04-11,34000,36,944,False,natural_person,natural_person,2,sectional_title,True,lightstone_export
ST8232/2025,Compensation Beach,FU,931,528,SS LA MONTAGNE,91,Compensation Beach,Compensation Beach,100,2023-08-08,2025-04-07,1000,71,14,False,legal_entity,natural_person,1,sectional_title,False,lightstone_export
ST7767/2025,Compensation Beach,FU,931,436,SS BERMUDA,24,Compensation Beach,Compensation Beach,102A,2014-12-08,2025-04-02,1800000,89,20224,False,legal_entity,legal_entity,1,sectional_title,True,lightstone_export
T7269/2025,Compensation Beach,BALLITOVILLE,220,0,,,Compensation Beach,Marion,39A,,2025-03-28,0,1257,0,False,natural_person,natural_person,1,freehold,False,lightstone_export
ST6885/2025,Compensation Beach,FU,931,528,SS LA MONTAGNE,107,Compensation Beach,Compensation Beach,100,2022-08-12,2025-03-26,2000,58,34,False,legal_entity,natural_person,1,sectional_title,True,lightstone_export
ST6596/2025,Compensation Beach,FU,931,528,SS LA MONTAGNE,73,Compensation Beach,Compensation Beach,100,2025-02-14,2025-03-24,82000,71,1154,False,legal_entity,legal_entity,1,sectional_title,True,lightstone_export
ST6596/2025,Compensation Beach,FU,931,528,SS LA MONTAGNE,91,Compensation Beach,Compensation Beach,100,2025-02-14,2025-03-24,82000,71,1154,False,legal_entity,legal_entity,1,sectional_title,True,lightstone_export
ST6590/2025,Compensation Beach,FU,931,497,SS LES MOUETTES,16,Compensation Beach,Compensation Beach,96B,2024-12-13,2025-03-24,2300000,81,28395,False,natural_person,natural_person,2,sectional_title,True,lightstone_export
ST6596/2025,Compensation Beach,FU,931,528,SS LA MONTAGNE,60,Compensation Beach,Compensation Beach,100,2025-02-14,2025-03-24,82000,71,1154,False,legal_entity,legal_entity,1,sectional_title,True,lightstone_export
ST6606/2025,Compensation Beach,FU,931,463,SS BALLITO MANOR,3402,Compensation Beach,Compensation Beach,102B,2025-02-19,2025-03-24,8300000,234,35470,False,legal_entity,natural_person,1,sectional_title,True,lightstone_export
ST6451/2025,Compensation Beach,COMPENSATION BEACH EXT 1,36,1,SS LA BALLITO,1,Compensation Beach,Jack Powell,8,2025-02-08,2025-03-20,1950000,85,22941,False,natural_person,natural_person,1,sectional_title,True,lightstone_export
ST6345/2025,Compensation Beach,BALLITOVILLE,1370,0,SS MARATEA,32,Compensation Beach,Lindsay,23,2025-01-21,2025-03-20,2500000,144,17361,False,natural_person,natural_person,2,sectional_title,True,lightstone_export
ST6441/2025,Compensation Beach,FU,931,292,SS AT 88 COMPENSATION,3,Compensation Beach,Compensation Beach,88,,2025-03-20,0,188,0,False,natural_person,natural_person,1,sectional_title,False,lightstone_export
ST5982/2025,Compensation Beach,FU,931,528,SS LA MONTAGNE,28,Compensation Beach,Compensation Beach,100,2024-12-12,2025-03-14,99000,70,1414,False,legal_entity,legal_entity,1,sectional_title,True,lightstone_export
ST5812/2025,Compensation Beach,FU,931,528,SS LA MONTAGNE,58,Compensation Beach,Compensation Beach,100,2024-02-07,2025-03-14,200,45,4,False,legal_entity,natural_person,1,sectional_title,False,lightstone_export
ST5782/2025,Compensation Beach,FU,931,528,SS LA MONTAGNE,80,Compensation Beach,Compensation Beach,100,2024-08-06,2025-03-13,1000,36,27,False,legal_entity,natural_person,1,sectional_title,False,lightstone_export
ST5783/2025,Compensation Beach,FU,931,528,SS LA MONTAGNE,80,Compensation Beach,Compensation Beach,100,2024-08-06,2025-03-13,1000,36,27,False,legal_entity,natural_person,1,sectional_title,False,lightstone_export
ST5633/2025,Compensation Beach,FU,931,528,SS LA MONTAGNE,49,Compensation Beach,Compensation Beach,100,2024-09-27,2025-03-12,2000,45,44,False,legal_entity,natural_person,1,sectional_title,True,lightstone_export
ST5415/2025,Compensation Beach,FU,931,528,SS LA MONTAGNE,68,Compensation Beach,Compensation Beach,100,2024-09-20,2025-03-11,2000,45,44,False,legal_entity,natural_person,1,sectional_title,True,lightstone_export
ST5419/2025,Compensation Beach,FU,931,463,SS BALLITO MANOR,1405,Compensation Beach,Compensation Beach,102B,2024-11-22,2025-03-11,4100000,137,29927,False,natural_person,legal_entity,1,sectional_title,True,lightstone_export
T5276/2025,Compensation Beach,BALLITOVILLE,298,0,,,Compensation Beach,Minerva,67,2024-09-28,2025-03-10,3350000,1146,2923,False,legal_entity,natural_person,1,freehold,True,lightstone_export
ST5242/2025,Compensation Beach,FU,931,528,SS LA MONTAGNE,85,Compensation Beach,Compensation Beach,100,,2025-03-07,0,36,0,False,legal_entity,natural_person,1,sectional_title,False,lightstone_export
ST5119/2025,Compensation Beach,FU,931,528,SS LA MONTAGNE,117,Compensation Beach,Compensation Beach,100,2024-04-17,2025-03-06,4000,30,133,False,legal_entity,natural_person,1,sectional_title,True,lightstone_export
ST5118/2025,Compensation Beach,FU,931,528,SS LA MONTAGNE,26,Compensation Beach,Compensation Beach,100,2024-12-11,2025-03-06,1000,36,27,False,legal_entity,natural_person,1,sectional_title,False,lightstone_export
T4813/2025,Compensation Beach,BALLITOVILLE,258,0,,,Compensation Beach,Madeleine,34,2024-09-02,2025-03-04,5400000,1432,3770,False,natural_person,natural_person,2,freehold,True,lightstone_export
ST4879/2025,Compensation Beach,FU,931,463,SS BALLITO MANOR,2102,Compensation Beach,Compensation Beach,102B,2025-01-23,2025-03-04,3200000,134,23880,False,natural_person,legal_entity,1,sectional_title,True,lightstone_export
T4503/2025,Compensation Beach,BALLITOVILLE,210,0,,,Compensation Beach,Lindsay,2A,2024-11-07,2025-03-03,5500000,1218,4515,False,legal_entity,natural_person,1,freehold,True,lightstone_export
ST4424/2025,Compensation Beach,FU,931,541,SS FRINTON-ON-SEA,17,Compensation Beach,Compensation Beach,78,2024-09-25,2025-02-28,3500000,18,194444,False,legal_entity,natural_person,1,sectional_title,True,lightstone_export
ST4424/2025,Compensation Beach,FU,931,541,SS FRINTON-ON-SEA,12,Compensation Beach,Compensation Beach,78,2024-09-25,2025-02-28,3500000,162,21604,False,legal_entity,natural_person,1,sectional_title,True,lightstone_export
ST3885/2025,Compensation Beach,COMPENSATION BEACH,41,0,SS LA PIROGUE,43,Compensation Beach,Compensation Beach,97,2024-10-30,2025-02-25,2795000,154,18149,False,legal_entity,natural_person,1,sectional_title,True,lightstone_export
ST3802/2025,Compensation Beach,FU,931,531,SS LE PARADIS,29,Compensation Beach,Compensation Beach,64,2024-10-10,2025-02-24,3600000,167,21556,False,legal_entity,legal_entity,1,sectional_title,True,lightstone_export
ST3774/2025,Compensation Beach,FU,931,436,SS BERMUDA,6,Compensation Beach,Compensation Beach,102A,,2025-02-24,0,104,0,False,natural_person,natural_person,1,sectional_title,False,lightstone_export
ST2980/2025,Compensation Beach,FU,931,528,SS LA MONTAGNE,105,Compensation Beach,Compensation Beach,100,2024-11-14,2025-02-14,2500,30,83,False,legal_entity,natural_person,1,sectional_title,True,lightstone_export
ST2603/2025,Compensation Beach,FU,931,497,SS LES MOUETTES,13,Compensation Beach,Compensation Beach,96B,2024-11-24,2025-02-07,2550000,90,28333,False,natural_person,natural_person,2,sectional_title,True,lightstone_export
ST2600/2025,Compensation Beach,FU,931,351,SS CASABLANCA,18,Compensation Beach,Compensation Beach,98,2024-10-26,2025-02-07,2550000,155,16451,False,legal_entity,natural_person,1,sectional_title,True,lightstone_export
ST2379/2025,Compensation Beach,FU,931,463,SS BALLITO MANOR,2502,Compensation Beach,Compensation Beach,102B,2024-12-04,2025-02-06,3500000,127,27559,False,natural_person,natural_person,1,sectional_title,True,lightstone_export
ST1299/2025,Compensation Beach,FU,931,528,SS LA MONTAGNE,26,Compensation Beach,Compensation Beach,100,2024-09-12,2025-01-23,2000,36,55,False,legal_entity,natural_person,1,sectional_title,True,lightstone_export
ST1023/2025,Compensation Beach,COMPENSATION BEACH,41,0,SS LA PIROGUE,47,Compensation Beach,Compensation Beach,97,2024-10-22,2025-01-20,2590000,154,16818,False,natural_person,natural_person,1,sectional_title,True,lightstone_export
ST480/2025,Compensation Beach,FU,931,531,SS LE PARADIS,26,Compensation Beach,Compensation Beach,64,2024-11-05,2025-01-14,2495000,104,23990,False,natural_person,natural_person,1,sectional_title,True,lightstone_export
ST368/2025,Compensation Beach,COMPENSATION BEACH,41,0,SS LA PIROGUE,39,Compensation Beach,Compensation Beach,97,2024-10-16,2025-01-10,2550000,155,16451,False,legal_entity,legal_entity,1,sectional_title,True,lightstone_export
ST36297/2024,Compensation Beach,FU,931,468,SS THE BOULDERS,18,Compensation Beach,Compensation Beach,84AB,2024-10-02,2024-12-20,3250000,122,26639,False,legal_entity,natural_person,1,sectional_title,True,lightstone_export
ST36529/2024,Compensation Beach,FU,931,528,SS LA MONTAGNE,75,Compensation Beach,Compensation Beach,100,2024-06-18,2024-12-20,25000,70,357,False,legal_entity,natural_person,1,sectional_title,True,lightstone_export
ST35318/2024,Compensation Beach,FU,931,463,SS BALLITO MANOR,2401,Compensation Beach,Compensation Beach,102B,2020-10-19,2024-12-12,5100000,174,29310,False,natural_person,legal_entity,2,sectional_title,True,lightstone_export
ST35008/2024,Compensation Beach,FU,931,528,SS LA MONTAGNE,103,Compensation Beach,Compensation Beach,100,2024-08-28,2024-12-10,2000,87,22,False,legal_entity,natural_person,1,sectional_title,True,lightstone_export
ST33788/2024,Compensation Beach,FU,931,528,SS LA MONTAGNE,13,Compensation Beach,Compensation Beach,100,2024-08-28,2024-11-29,2000,46,43,False,legal_entity,natural_person,1,sectional_title,True,lightstone_export
ST33413/2024,Compensation Beach,FU,931,528,SS LA MONTAGNE,44,Compensation Beach,Compensation Beach,100,2024-07-03,2024-11-26,2500,36,69,False,legal_entity,natural_person,1,sectional_title,True,lightstone_export
ST33224/2024,Compensation Beach,FU,931,351,SS CASABLANCA,14,Compensation Beach,Compensation Beach,98,2024-09-30,2024-11-25,2650000,154,17207,False,natural_person,natural_person,2,sectional_title,True,lightstone_export
ST33225/2024,Compensation Beach,FU,931,522,SS THE BAY,17,Compensation Beach,Compensation Beach,96A,2024-08-16,2024-11-25,3130000,111,28198,False,legal_entity,natural_person,1,sectional_title,True,lightstone_export
T32564/2024,Compensation Beach,BALLITOVILLE,311,0,,,Compensation Beach,Salisbury,18,2024-07-26,2024-11-19,2800000,1044,2681,False,legal_entity,natural_person,1,freehold,True,lightstone_export
ST31812/2024,Compensation Beach,FU,931,528,SS LA MONTAGNE,10,Compensation Beach,Compensation Beach,100,2024-08-13,2024-11-13,1000,73,13,False,legal_entity,natural_person,1,sectional_title,False,lightstone_export
ST31492/2024,Compensation Beach,FU,931,528,SS LA MONTAGNE,125,Compensation Beach,Compensation Beach,100,2024-09-10,2024-11-12,2000,43,46,False,legal_entity,legal_entity,1,sectional_title,True,lightstone_export
ST31471/2024,Compensation Beach,FU,931,499,SS LA MUSTIQUE,4,Compensation Beach,Compensation Beach,94AB,2024-09-16,2024-11-11,3900000,161,24223,False,natural_person,natural_person,1,sectional_title,True,lightstone_export
ST31472/2024,Compensation Beach,FU,931,468,SS THE BOULDERS,30,Compensation Beach,Compensation Beach,84AB,2024-10-17,2024-11-11,3937500,125,31500,False,legal_entity,natural_person,1,sectional_title,True,lightstone_export
T31285/2024,Compensation Beach,BALLITOVILLE,139,0,,,Compensation Beach,Sandra,5A,2024-09-25,2024-11-08,3700000,1107,3342,False,natural_person,natural_person,1,freehold,True,lightstone_export
ST31135/2024,Compensation Beach,FU,931,528,SS LA MONTAGNE,72,Compensation Beach,Compensation Beach,100,2022-02-14,2024-11-07,2000,71,28,False,natural_person,legal_entity,1,sectional_title,True,lightstone_export
ST31136/2024,Compensation Beach,FU,931,528,SS LA MONTAGNE,72,Compensation Beach,Compensation Beach,100,2022-02-14,2024-11-07,2000,71,28,False,legal_entity,natural_person,1,sectional_title,True,lightstone_export
ST31135/2024,Compensation Beach,FU,931,528,SS LA MONTAGNE,75,Compensation Beach,Compensation Beach,100,2022-02-14,2024-11-07,2000,70,28,False,natural_person,legal_entity,1,sectional_title,True,lightstone_export
ST31136/2024,Compensation Beach,FU,931,528,SS LA MONTAGNE,75,Compensation Beach,Compensation Beach,100,2022-02-14,2024-11-07,2000,70,28,False,legal_entity,natural_person,1,sectional_title,True,lightstone_export
ST30862/2024,Compensation Beach,COMPENSATION BEACH EXT 1,36,1,SS LA BALLITO,41,Compensation Beach,Jack Powell,8,2024-10-07,2024-11-05,1600000,56,28571,False,natural_person,natural_person,2,sectional_title,True,lightstone_export
ST30322/2024,Compensation Beach,FU,931,528,SS LA MONTAGNE,112,Compensation Beach,Compensation Beach,100,2020-02-25,2024-10-31,2000,59,33,False,legal_entity,natural_person,1,sectional_title,True,lightstone_export
T28961/2024,Compensation Beach,BALLITOVILLE,215,0,,,Compensation Beach,Lindsay,10,2024-08-23,2024-10-18,2550000,1032,2470,False,natural_person,natural_person,1,freehold,True,lightstone_export
ST29077/2024,Compensation Beach,FU,931,528,SS LA MONTAGNE,93,Compensation Beach,Compensation Beach,100,2021-11-22,2024-10-18,2000,36,55,False,legal_entity,natural_person,1,sectional_title,True,lightstone_export
ST29078/2024,Compensation Beach,FU,931,528,SS LA MONTAGNE,106,Compensation Beach,Compensation Beach,100,2021-11-22,2024-10-18,2000,30,66,False,natural_person,legal_entity,1,sectional_title,True,lightstone_export
ST28561/2024,Compensation Beach,FU,931,528,SS LA MONTAGNE,95,Compensation Beach,Compensation Beach,100,2024-02-26,2024-10-15,20000,71,281,False,legal_entity,natural_person,1,sectional_title,True,lightstone_export
T28607/2024,Compensation Beach,BALLITOVILLE,326,0,,,Compensation Beach,Stella,6,2024-08-17,2024-10-15,3845000,1012,3799,False,legal_entity,legal_entity,1,freehold,True,lightstone_export
ST28536/2024,Compensation Beach,FU,931,528,SS LA MONTAGNE,20,Compensation Beach,Compensation Beach,100,2024-07-09,2024-10-14,1000,71,14,False,legal_entity,natural_person,1,sectional_title,False,lightstone_export
ST28552/2024,Compensation Beach,FU,931,528,SS LA MONTAGNE,31,Compensation Beach,Compensation Beach,100,2024-07-09,2024-10-14,1000,45,22,False,legal_entity,natural_person,1,sectional_title,False,lightstone_export
ST28548/2024,Compensation Beach,FU,931,528,SS LA MONTAGNE,41,Compensation Beach,Compensation Beach,100,2024-07-09,2024-10-14,1000,36,27,False,legal_entity,natural_person,1,sectional_title,False,lightstone_export
ST28535/2024,Compensation Beach,FU,931,528,SS LA MONTAGNE,75,Compensation Beach,Compensation Beach,100,2024-08-13,2024-10-14,1000,70,14,False,legal_entity,natural_person,1,sectional_title,False,lightstone_export
ST28552/2024,Compensation Beach,FU,931,528,SS LA MONTAGNE,30,Compensation Beach,Compensation Beach,100,2024-07-09,2024-10-14,1000,36,27,False,legal_entity,natural_person,1,sectional_title,False,lightstone_export
ST28547/2024,Compensation Beach,FU,931,528,SS LA MONTAGNE,80,Compensation Beach,Compensation Beach,100,2024-08-13,2024-10-14,1000,36,27,False,legal_entity,natural_person,1,sectional_title,False,lightstone_export
ST28537/2024,Compensation Beach,FU,931,528,SS LA MONTAGNE,122,Compensation Beach,Compensation Beach,100,2024-08-06,2024-10-14,5000,59,84,False,legal_entity,natural_person,1,sectional_title,True,lightstone_export
ST28537/2024,Compensation Beach,FU,931,528,SS LA MONTAGNE,15,Compensation Beach,Compensation Beach,100,2024-08-06,2024-10-14,5000,74,67,False,legal_entity,natural_person,1,sectional_title,True,lightstone_export
ST28394/2024,Compensation Beach,FU,931,528,SS LA MONTAGNE,110,Compensation Beach,Compensation Beach,100,2024-07-09,2024-10-11,1000,59,16,False,legal_entity,natural_person,1,sectional_title,False,lightstone_export
ST28391/2024,Compensation Beach,FU,931,528,SS LA MONTAGNE,98,Compensation Beach,Compensation Beach,100,2024-08-13,2024-10-11,1000,71,14,False,legal_entity,natural_person,1,sectional_title,False,lightstone_export
ST28393/2024,Compensation Beach,FU,931,528,SS LA MONTAGNE,77,Compensation Beach,Compensation Beach,100,2024-07-09,2024-10-11,1000,36,27,False,legal_entity,natural_person,1,sectional_title,False,lightstone_export
ST28405/2024,Compensation Beach,FU,931,531,SS LE PARADIS,25,Compensation Beach,Compensation Beach,64,,2024-10-11,0,102,0,False,natural_person,natural_person,2,sectional_title,False,lightstone_export
ST28165/2024,Compensation Beach,FU,931,528,SS LA MONTAGNE,45,Compensation Beach,Compensation Beach,100,2023-03-24,2024-10-10,2000,36,55,False,legal_entity,natural_person,1,sectional_title,True,lightstone_export
T28065/2024,Compensation Beach,BALLITOVILLE,257,0,,,Compensation Beach,Madeleine,32,2024-07-27,2024-10-09,6950000,1435,4843,False,natural_person,natural_person,1,freehold,True,lightstone_export
ST28116/2024,Compensation Beach,FU,931,522,SS THE BAY,1,Compensation Beach,Compensation Beach,96A,2024-08-28,2024-10-09,3050000,111,27477,False,legal_entity,natural_person,1,sectional_title,True,lightstone_export
ST28128/2024,Compensation Beach,FU,931,463,SS BALLITO MANOR,1103,Compensation Beach,Compensation Beach,102B,2024-07-17,2024-10-09,4758750,143,33277,False,legal_entity,legal_entity,1,sectional_title,True,lightstone_export
ST27989/2024,Compensation Beach,FU,931,528,SS LA MONTAGNE,131,Compensation Beach,Compensation Beach,100,2024-07-09,2024-10-08,1000,88,11,False,legal_entity,natural_person,1,sectional_title,False,lightstone_export
ST27983/2024,Compensation Beach,FU,931,497,SS LES MOUETTES,33,Compensation Beach,Compensation Beach,96B,2024-08-11,2024-10-08,5500000,223,24663,False,natural_person,natural_person,1,sectional_title,True,lightstone_export
ST27504/2024,Compensation Beach,FU,931,463,SS BALLITO MANOR,3304,Compensation Beach,Compensation Beach,102B,2024-06-28,2024-10-02,6800000,234,29059,False,legal_entity,legal_entity,1,sectional_title,True,lightstone_export
ST27423/2024,Compensation Beach,FU,931,528,SS LA MONTAGNE,92,Compensation Beach,Compensation Beach,100,2024-07-09,2024-10-01,1000,69,14,False,legal_entity,legal_entity,1,sectional_title,False,lightstone_export
ST27421/2024,Compensation Beach,FU,931,528,SS LA MONTAGNE,114,Compensation Beach,Compensation Beach,100,2024-07-09,2024-10-01,1000,59,16,False,legal_entity,natural_person,1,sectional_title,False,lightstone_export
ST27422/2024,Compensation Beach,FU,931,528,SS LA MONTAGNE,122,Compensation Beach,Compensation Beach,100,2024-07-09,2024-10-01,1000,59,16,False,legal_entity,natural_person,1,sectional_title,False,lightstone_export
ST27417/2024,Compensation Beach,FU,931,528,SS LA MONTAGNE,79,Compensation Beach,Compensation Beach,100,2024-07-09,2024-10-01,1000,36,27,False,legal_entity,natural_person,1,sectional_title,False,lightstone_export
ST27131/2024,Compensation Beach,FU,931,528,SS LA MONTAGNE,130,Compensation Beach,Compensation Beach,100,,2024-09-30,0,42,0,False,natural_person,natural_person,1,sectional_title,False,lightstone_export
ST27132/2024,Compensation Beach,FU,931,528,SS LA MONTAGNE,113,Compensation Beach,Compensation Beach,100,2024-07-24,2024-09-30,78000,59,1322,False,natural_person,natural_person,1,sectional_title,True,lightstone_export
ST26648/2024,Compensation Beach,FU,931,528,SS LA MONTAGNE,2,Compensation Beach,Compensation Beach,100,2024-03-18,2024-09-25,2500,38,65,False,legal_entity,natural_person,1,sectional_title,True,lightstone_export
ST25014/2024,Compensation Beach,FU,931,528,SS LA MONTAGNE,72,Compensation Beach,Compensation Beach,100,2024-06-18,2024-09-09,2000,71,28,False,legal_entity,natural_person,1,sectional_title,True,lightstone_export
ST25014/2024,Compensation Beach,FU,931,528,SS LA MONTAGNE,108,Compensation Beach,Compensation Beach,100,2024-06-18,2024-09-09,2000,58,34,False,legal_entity,natural_person,1,sectional_title,True,lightstone_export
ST24622/2024,Compensation Beach,FU,931,528,SS LA MONTAGNE,69,Compensation Beach,Compensation Beach,100,2024-07-17,2024-09-03,1500000,107,14018,False,legal_entity,natural_person,1,sectional_title,True,lightstone_export
ST24426/2024,Compensation Beach,COMPENSATION BEACH,41,0,SS LA PIROGUE,3,Compensation Beach,Compensation Beach,97,2024-07-31,2024-08-30,2650000,146,18150,False,legal_entity,natural_person,1,sectional_title,True,lightstone_export
ST24440/2024,Compensation Beach,FU,931,522,SS THE BAY,2,Compensation Beach,Compensation Beach,96A,2024-06-03,2024-08-30,1100000,111,9909,False,natural_person,natural_person,2,sectional_title,True,lightstone_export
ST24384/2024,Compensation Beach,FU,931,292,SS AT 88 COMPENSATION,9,Compensation Beach,Compensation Beach,88,2024-06-18,2024-08-30,8000000,235,34042,False,legal_entity,legal_entity,1,sectional_title,True,lightstone_export
ST23975/2024,Compensation Beach,FU,931,528,SS LA MONTAGNE,70,Compensation Beach,Compensation Beach,100,2024-02-28,2024-08-28,2000,107,18,False,legal_entity,natural_person,1,sectional_title,True,lightstone_export
ST24063/2024,Compensation Beach,FU,931,436,SS BERMUDA,8,Compensation Beach,Compensation Beach,102A,2024-08-07,2024-08-28,3450000,90,38333,False,natural_person,legal_entity,1,sectional_title,True,lightstone_export
ST24072/2024,Compensation Beach,FU,931,528,SS LA MONTAGNE,104,Compensation Beach,Compensation Beach,100,2024-03-22,2024-08-28,17000,59,288,False,natural_person,natural_person,1,sectional_title,True,lightstone_export
ST23460/2024,Compensation Beach,FU,931,528,SS LA MONTAGNE,21,Compensation Beach,Compensation Beach,100,2024-07-10,2024-08-23,1000,80,12,False,natural_person,natural_person,2,sectional_title,False,lightstone_export
ST23309/2024,Compensation Beach,FU,931,528,SS LA MONTAGNE,86,Compensation Beach,Compensation Beach,100,2024-04-25,2024-08-22,5000,71,70,False,legal_entity,legal_entity,1,sectional_title,True,lightstone_export
ST23303/2024,Compensation Beach,FU,931,528,SS LA MONTAGNE,42,Compensation Beach,Compensation Beach,100,2023-08-30,2024-08-22,2000,36,55,False,legal_entity,natural_person,1,sectional_title,True,lightstone_export
ST23286/2024,Compensation Beach,FU,931,297,SS CORAL COVE LODGE,6,Compensation Beach,Compensation Beach,72,2024-06-29,2024-08-22,2400000,46,52173,False,legal_entity,natural_person,1,sectional_title,True,lightstone_export
ST23148/2024,Compensation Beach,FU,931,528,SS LA MONTAGNE,73,Compensation Beach,Compensation Beach,100,2024-02-03,2024-08-21,35000,71,492,False,natural_person,natural_person,2,sectional_title,True,lightstone_export
ST23172/2024,Compensation Beach,FU,931,528,SS LA MONTAGNE,23,Compensation Beach,Compensation Beach,100,2024-03-26,2024-08-20,2000,36,55,False,legal_entity,natural_person,1,sectional_title,True,lightstone_export
ST22278/2024,Compensation Beach,FU,931,263,SS THE GRANGE BALLITO,3,Compensation Beach,Compensation Beach,92B,2024-06-27,2024-08-12,2950000,86,34302,False,legal_entity,legal_entity,1,sectional_title,True,lightstone_export
ST21414/2024,Compensation Beach,FU,931,499,SS LA MUSTIQUE,17,Compensation Beach,Compensation Beach,94AB,2024-05-20,2024-07-31,2700000,172,15697,False,natural_person,natural_person,2,sectional_title,True,lightstone_export
T20729/2024,Compensation Beach,BALLITOVILLE,138,0,,,Compensation Beach,Sandra,5B,2024-05-16,2024-07-25,4700000,1192,3942,False,natural_person,natural_person,1,freehold,True,lightstone_export
T20559/2024,Compensation Beach,BALLITOVILLE,314,0,,,Compensation Beach,Salisbury,17,2024-04-30,2024-07-24,2700000,1012,2667,False,natural_person,natural_person,1,freehold,True,lightstone_export
ST20023/2024,Compensation Beach,COMPENSATION BEACH EXT 1,36,1,SS LA BALLITO,13,Compensation Beach,Jack Powell,8,2024-06-25,2024-07-18,1400000,56,25000,False,natural_person,legal_entity,1,sectional_title,True,lightstone_export
ST19911/2024,Compensation Beach,FU,931,516,SS BOULDER BAY LODGE,26,Compensation Beach,,,2024-05-17,2024-07-17,2000000,68,29411,False,legal_entity,natural_person,1,sectional_title,True,lightstone_export
ST19761/2024,Compensation Beach,FU,931,468,SS THE BOULDERS,8,Compensation Beach,Compensation Beach,84AB,2024-05-15,2024-07-16,3100000,122,25409,False,natural_person,legal_entity,2,sectional_title,True,lightstone_export
ST19322/2024,Compensation Beach,FU,931,436,SS BERMUDA,2,Compensation Beach,Compensation Beach,102A,2024-05-07,2024-07-11,3000000,91,32967,False,natural_person,legal_entity,4,sectional_title,True,lightstone_export
ST19326/2024,Compensation Beach,FU,931,463,SS BALLITO MANOR,2304,Compensation Beach,Compensation Beach,102B,2024-05-14,2024-07-11,3350000,127,26377,False,natural_person,natural_person,2,sectional_title,True,lightstone_export
T18578/2024,Compensation Beach,BALLITOVILLE,189,0,,,Compensation Beach,Minerva,76,2024-04-08,2024-07-05,7700000,1319,5837,False,legal_entity,legal_entity,1,freehold,True,lightstone_export
ST17808/2024,Compensation Beach,COMPENSATION BEACH EXT 1,36,1,SS LA BALLITO,96,Compensation Beach,Jack Powell,8,2024-05-05,2024-06-28,1377708,50,27554,False,natural_person,natural_person,1,sectional_title,True,lightstone_export
ST17313/2024,Compensation Beach,FU,931,528,SS LA MONTAGNE,104,Compensation Beach,Compensation Beach,100,,2024-06-27,0,59,0,False,natural_person,natural_person,2,sectional_title,False,lightstone_export
ST16963/2024,Compensation Beach,FU,931,528,SS LA MONTAGNE,117,Compensation Beach,Compensation Beach,100,2023-08-08,2024-06-24,1000,30,33,False,legal_entity,natural_person,1,sectional_title,False,lightstone_export
ST16632/2024,Compensation Beach,FU,931,528,SS LA MONTAGNE,85,Compensation Beach,Compensation Beach,100,2024-03-13,2024-06-20,75000,36,2083,False,legal_entity,legal_entity,1,sectional_title,True,lightstone_export
ST16632/2024,Compensation Beach,FU,931,528,SS LA MONTAGNE,100,Compensation Beach,Compensation Beach,100,2024-03-13,2024-06-20,75000,71,1056,False,legal_entity,legal_entity,1,sectional_title,True,lightstone_export
ST16206/2024,Compensation Beach,FU,931,528,SS LA MONTAGNE,20,Compensation Beach,Compensation Beach,100,2023-10-24,2024-06-18,1000000,71,14084,False,legal_entity,natural_person,1,sectional_title,True,lightstone_export
ST15980/2024,Compensation Beach,FU,931,528,SS LA MONTAGNE,64,Compensation Beach,Compensation Beach,100,2024-03-08,2024-06-18,620000,36,17222,False,legal_entity,natural_person,1,sectional_title,True,lightstone_export
ST15981/2024,Compensation Beach,FU,931,528,SS LA MONTAGNE,68,Compensation Beach,Compensation Beach,100,2024-03-08,2024-06-18,750000,45,16666,False,natural_person,legal_entity,1,sectional_title,True,lightstone_export
ST15798/2024,Compensation Beach,FU,931,528,SS LA MONTAGNE,41,Compensation Beach,Compensation Beach,100,2023-04-20,2024-06-14,2000,36,55,False,legal_entity,natural_person,1,sectional_title,True,lightstone_export
ST15941/2024,Compensation Beach,FU,931,528,SS LA MONTAGNE,90,Compensation Beach,Compensation Beach,100,2023-10-24,2024-06-14,1000,36,27,False,legal_entity,natural_person,1,sectional_title,False,lightstone_export
ST15939/2024,Compensation Beach,FU,931,528,SS LA MONTAGNE,10,Compensation Beach,Compensation Beach,100,2023-03-28,2024-06-14,1000,73,13,False,legal_entity,natural_person,1,sectional_title,False,lightstone_export
ST15484/2024,Compensation Beach,FU,931,528,SS LA MONTAGNE,72,Compensation Beach,Compensation Beach,100,2024-04-25,2024-06-12,2000,71,28,False,natural_person,natural_person,1,sectional_title,True,lightstone_export
ST15603/2024,Compensation Beach,FU,931,528,SS LA MONTAGNE,41,Compensation Beach,Compensation Beach,100,2023-08-23,2024-06-12,2000,36,55,False,legal_entity,natural_person,1,sectional_title,True,lightstone_export
ST15485/2024,Compensation Beach,FU,931,528,SS LA MONTAGNE,46,Compensation Beach,Compensation Beach,100,2021-01-26,2024-06-12,2000,70,28,False,legal_entity,natural_person,1,sectional_title,True,lightstone_export
ST15486/2024,Compensation Beach,FU,931,528,SS LA MONTAGNE,18,Compensation Beach,Compensation Beach,100,2023-11-06,2024-06-12,2000,36,55,False,legal_entity,natural_person,1,sectional_title,True,lightstone_export
ST15459/2024,Compensation Beach,FU,931,528,SS LA MONTAGNE,2,Compensation Beach,Compensation Beach,100,2023-08-08,2024-06-11,640000,38,16842,False,legal_entity,natural_person,1,sectional_title,True,lightstone_export
T15018/2024,Compensation Beach,BALLITOVILLE,321,0,,,Compensation Beach,Salisbury,3,2024-04-22,2024-06-06,2760000,1012,2727,False,natural_person,natural_person,1,freehold,True,lightstone_export
ST14805/2024,Compensation Beach,BALLITOVILLE,1370,0,SS MARATEA,26,Compensation Beach,Lindsay,23,2024-02-25,2024-06-04,2650000,143,18531,False,natural_person,natural_person,2,sectional_title,True,lightstone_export
ST14691/2024,Compensation Beach,FU,931,528,SS LA MONTAGNE,47,Compensation Beach,Compensation Beach,100,2023-07-04,2024-06-04,70000,71,985,False,natural_person,natural_person,2,sectional_title,True,lightstone_export
ST14804/2024,Compensation Beach,FU,931,497,SS LES MOUETTES,8,Compensation Beach,Compensation Beach,96B,2024-03-26,2024-06-04,2420000,92,26304,False,legal_entity,natural_person,1,sectional_title,True,lightstone_export
ST14050/2024,Compensation Beach,BALLITOVILLE,1374,0,SS OCEAN HEIGHTS,15,Compensation Beach,General Lights,37744,2024-04-07,2024-05-28,2400000,138,17391,False,natural_person,natural_person,2,sectional_title,True,lightstone_export
ST14050/2024,Compensation Beach,BALLITOVILLE,1374,0,SS OCEAN HEIGHTS,33,Compensation Beach,General Lights,37744,2024-04-07,2024-05-28,2400000,38,63157,False,natural_person,natural_person,2,sectional_title,True,lightstone_export
ST13885/2024,Compensation Beach,FU,931,528,SS LA MONTAGNE,117,Compensation Beach,Compensation Beach,100,2024-03-06,2024-05-27,5000,30,166,False,legal_entity,natural_person,1,sectional_title,True,lightstone_export
ST13886/2024,Compensation Beach,FU,931,436,SS BERMUDA,7,Compensation Beach,Compensation Beach,102A,2024-04-10,2024-05-27,3375000,90,37500,False,natural_person,legal_entity,1,sectional_title,True,lightstone_export
ST13880/2024,Compensation Beach,COMPENSATION BEACH EXT 1,36,1,SS LA BALLITO,33,Compensation Beach,Jack Powell,8,2024-03-28,2024-05-27,1440000,50,28800,False,natural_person,natural_person,2,sectional_title,True,lightstone_export
ST13582/2024,Compensation Beach,FU,931,528,SS LA MONTAGNE,86,Compensation Beach,Compensation Beach,100,2021-12-06,2024-05-24,200,71,2,False,natural_person,legal_entity,2,sectional_title,False,lightstone_export
ST13581/2024,Compensation Beach,FU,931,528,SS LA MONTAGNE,98,Compensation Beach,Compensation Beach,100,,2024-05-24,0,71,0,False,legal_entity,natural_person,1,sectional_title,False,lightstone_export
ST13396/2024,Compensation Beach,FU,931,528,SS LA MONTAGNE,85,Compensation Beach,Compensation Beach,100,2024-03-01,2024-05-22,5000,36,138,False,legal_entity,natural_person,1,sectional_title,True,lightstone_export
T12156/2024,Compensation Beach,FU,931,161,,,Compensation Beach,Compensation Beach,77,2024-03-05,2024-05-13,3600000,862,4176,False,legal_entity,natural_person,1,freehold,True,lightstone_export
ST11569/2024,Compensation Beach,FU,931,528,SS LA MONTAGNE,85,Compensation Beach,Compensation Beach,100,2021-11-23,2024-05-08,2000,36,55,False,natural_person,legal_entity,1,sectional_title,True,lightstone_export
ST11570/2024,Compensation Beach,FU,931,528,SS LA MONTAGNE,94,Compensation Beach,Compensation Beach,100,,2024-05-08,0,36,0,False,legal_entity,natural_person,1,sectional_title,False,lightstone_export
ST10301/2024,Compensation Beach,FU,931,528,SS LA MONTAGNE,94,Compensation Beach,Compensation Beach,100,,2024-04-29,0,36,0,False,legal_entity,natural_person,1,sectional_title,False,lightstone_export
ST10302/2024,Compensation Beach,FU,931,528,SS LA MONTAGNE,83,Compensation Beach,Compensation Beach,100,,2024-04-29,0,45,0,False,natural_person,legal_entity,2,sectional_title,False,lightstone_export
T9961/2024,Compensation Beach,FU,931,159,,,Compensation Beach,Compensation Beach,75,2024-01-03,2024-04-25,3350000,861,3890,False,natural_person,natural_person,1,freehold,True,lightstone_export
ST9438/2024,Compensation Beach,FU,931,528,SS LA MONTAGNE,129,Compensation Beach,Compensation Beach,100,2018-09-29,2024-04-19,4000,59,67,False,legal_entity,natural_person,1,sectional_title,True,lightstone_export
T9325/2024,Compensation Beach,BALLITOVILLE,235,0,,,Compensation Beach,Lindsay,20,2024-01-25,2024-04-19,2400000,1411,1700,False,natural_person,natural_person,2,freehold,True,lightstone_export
ST9446/2024,Compensation Beach,FU,931,468,SS THE BOULDERS,49,Compensation Beach,Compensation Beach,84AB,2024-02-29,2024-04-19,4800000,190,25263,False,legal_entity,legal_entity,1,sectional_title,True,lightstone_export
ST9041/2024,Compensation Beach,FU,931,528,SS LA MONTAGNE,56,Compensation Beach,Compensation Beach,100,2021-11-22,2024-04-17,2000,71,28,False,natural_person,legal_entity,1,sectional_title,True,lightstone_export
ST9042/2024,Compensation Beach,FU,931,528,SS LA MONTAGNE,67,Compensation Beach,Compensation Beach,100,,2024-04-17,0,71,0,False,legal_entity,natural_person,1,sectional_title,False,lightstone_export
T8933/2024,Compensation Beach,BALLITOVILLE,616,0,,,Compensation Beach,Marion,44,2024-01-24,2024-04-16,5300000,2276,2328,False,natural_person,natural_person,1,freehold,True,lightstone_export
ST8903/2024,Compensation Beach,FU,931,463,SS BALLITO MANOR,2103,Compensation Beach,Compensation Beach,102B,,2024-04-15,0,180,0,False,natural_person,natural_person,2,sectional_title,False,lightstone_export
ST8904/2024,Compensation Beach,FU,931,463,SS BALLITO MANOR,2103,Compensation Beach,Compensation Beach,102B,2023-12-08,2024-04-15,950000,180,5277,False,natural_person,natural_person,1,sectional_title,True,lightstone_export
ST7854/2024,Compensation Beach,FU,931,436,SS BERMUDA,22,Compensation Beach,Compensation Beach,102A,2024-02-24,2024-04-05,3000000,90,33333,False,natural_person,natural_person,2,sectional_title,True,lightstone_export
ST6824/2024,Compensation Beach,FU,931,528,SS LA MONTAGNE,39,Compensation Beach,Compensation Beach,100,2023-01-23,2024-03-26,37500,81,462,False,legal_entity,natural_person,1,sectional_title,True,lightstone_export
ST6825/2024,Compensation Beach,FU,931,528,SS LA MONTAGNE,39,Compensation Beach,Compensation Beach,100,2023-01-23,2024-03-26,37500,81,462,False,legal_entity,natural_person,1,sectional_title,True,lightstone_export
ST6962/2024,Compensation Beach,FU,931,463,SS BALLITO MANOR,2101,Compensation Beach,Compensation Beach,102B,2024-02-14,2024-03-26,4500000,159,28301,False,legal_entity,legal_entity,1,sectional_title,True,lightstone_export
ST6683/2024,Compensation Beach,FU,931,528,SS LA MONTAGNE,64,Compensation Beach,Compensation Beach,100,2022-06-06,2024-03-25,750000,36,20833,False,legal_entity,natural_person,1,sectional_title,True,lightstone_export
ST6682/2024,Compensation Beach,FU,931,528,SS LA MONTAGNE,68,Compensation Beach,Compensation Beach,100,2022-06-06,2024-03-25,2000,45,44,False,natural_person,legal_entity,1,sectional_title,True,lightstone_export
ST6681/2024,Compensation Beach,FU,931,528,SS LA MONTAGNE,85,Compensation Beach,Compensation Beach,100,2021-11-22,2024-03-25,2000,36,55,False,natural_person,legal_entity,1,sectional_title,True,lightstone_export
ST6680/2024,Compensation Beach,FU,931,528,SS LA MONTAGNE,93,Compensation Beach,Compensation Beach,100,2021-11-22,2024-03-25,2000,36,55,False,legal_entity,natural_person,1,sectional_title,True,lightstone_export
ST6803/2024,Compensation Beach,FU,931,528,SS LA MONTAGNE,83,Compensation Beach,Compensation Beach,100,2023-07-04,2024-03-25,2000,45,44,False,legal_entity,natural_person,1,sectional_title,True,lightstone_export
ST6640/2024,Compensation Beach,FU,931,528,SS LA MONTAGNE,131,Compensation Beach,Compensation Beach,100,2023-02-28,2024-03-22,2000,88,22,False,legal_entity,natural_person,1,sectional_title,True,lightstone_export
ST6639/2024,Compensation Beach,FU,931,528,SS LA MONTAGNE,9,Compensation Beach,Compensation Beach,100,2023-11-02,2024-03-22,2000,37,54,False,legal_entity,natural_person,1,sectional_title,True,lightstone_export
ST5887/2024,Compensation Beach,FU,931,528,SS LA MONTAGNE,115,Compensation Beach,Compensation Beach,100,2023-11-30,2024-03-14,2000,73,27,False,legal_entity,natural_person,1,sectional_title,True,lightstone_export
ST5771/2024,Compensation Beach,FU,931,528,SS LA MONTAGNE,126,Compensation Beach,Compensation Beach,100,2022-11-13,2024-03-14,2000,59,33,False,legal_entity,natural_person,1,sectional_title,True,lightstone_export
ST5210/2024,Compensation Beach,FU,931,516,SS BOULDER BAY LODGE,16,Compensation Beach,,,,2024-03-07,0,90,0,False,natural_person,natural_person,1,sectional_title,False,lightstone_export
T4752/2024,Compensation Beach,BALLITOVILLE,326,0,,,Compensation Beach,Stella,6,,2024-03-04,0,1012,0,False,legal_entity,natural_person,1,freehold,False,lightstone_export
ST4792/2024,Compensation Beach,FU,931,351,SS CASABLANCA,11,Compensation Beach,Compensation Beach,98,2023-12-16,2024-03-04,2975000,154,19318,False,natural_person,natural_person,1,sectional_title,True,lightstone_export
ST4683/2024,Compensation Beach,FU,931,528,SS LA MONTAGNE,50,Compensation Beach,Compensation Beach,100,,2024-03-01,0,71,0,False,natural_person,legal_entity,1,sectional_title,False,lightstone_export
ST4684/2024,Compensation Beach,FU,931,528,SS LA MONTAGNE,67,Compensation Beach,Compensation Beach,100,,2024-03-01,0,71,0,False,legal_entity,natural_person,1,sectional_title,False,lightstone_export
ST4344/2024,Compensation Beach,FU,931,528,SS LA MONTAGNE,5,Compensation Beach,Compensation Beach,100,2023-08-24,2024-02-29,2000,75,26,False,legal_entity,natural_person,1,sectional_title,True,lightstone_export
ST4301/2024,Compensation Beach,FU,931,528,SS LA MONTAGNE,129,Compensation Beach,Compensation Beach,100,2023-07-07,2024-02-28,2000,59,33,False,legal_entity,natural_person,1,sectional_title,True,lightstone_export
ST4007/2024,Compensation Beach,FU,931,463,SS BALLITO MANOR,3101,Compensation Beach,Compensation Beach,102B,2023-10-31,2024-02-26,8900000,285,31228,False,legal_entity,legal_entity,1,sectional_title,True,lightstone_export
ST4005/2024,Compensation Beach,FU,931,463,SS BALLITO MANOR,2501,Compensation Beach,Compensation Beach,102B,2023-11-08,2024-02-26,5150000,174,29597,False,natural_person,legal_entity,2,sectional_title,True,lightstone_export
ST3303/2024,Compensation Beach,FU,931,528,SS LA MONTAGNE,39,Compensation Beach,Compensation Beach,100,2023-10-03,2024-02-19,2000,81,24,False,legal_entity,natural_person,1,sectional_title,True,lightstone_export
T2270/2024,Compensation Beach,BALLITOVILLE,288,0,,,Compensation Beach,Lindsay,4,2023-11-18,2024-02-05,3600000,1063,3386,False,natural_person,natural_person,2,freehold,True,lightstone_export
ST1546/2024,Compensation Beach,FU,931,522,SS THE BAY,6,Compensation Beach,Compensation Beach,96A,2023-11-24,2024-01-29,1000000,114,8771,False,natural_person,natural_person,1,sectional_title,True,lightstone_export
ST1620/2024,Compensation Beach,FU,931,468,SS THE BOULDERS,44,Compensation Beach,Compensation Beach,84AB,2023-11-13,2024-01-29,1752500,46,38097,False,legal_entity,legal_entity,1,sectional_title,True,lightstone_export
T1482/2024,Compensation Beach,BALLITOVILLE,286,1,,,Compensation Beach,Lindsay,11A,2023-11-01,2024-01-26,4100000,900,4555,False,legal_entity,legal_entity,1,freehold,True,lightstone_export
ST1340/2024,Compensation Beach,FU,931,528,SS LA MONTAGNE,73,Compensation Beach,Compensation Beach,100,,2024-01-25,0,71,0,False,natural_person,legal_entity,1,sectional_title,False,lightstone_export
ST1341/2024,Compensation Beach,FU,931,528,SS LA MONTAGNE,81,Compensation Beach,Compensation Beach,100,,2024-01-25,0,71,0,False,legal_entity,natural_person,1,sectional_title,False,lightstone_export
ST1342/2024,Compensation Beach,FU,931,528,SS LA MONTAGNE,70,Compensation Beach,Compensation Beach,100,,2024-01-25,0,107,0,False,natural_person,legal_entity,2,sectional_title,False,lightstone_export
ST1343/2024,Compensation Beach,FU,931,528,SS LA MONTAGNE,67,Compensation Beach,Compensation Beach,100,,2024-01-25,0,71,0,False,legal_entity,natural_person,1,sectional_title,False,lightstone_export
ST20/2024,Compensation Beach,FU,931,528,SS LA MONTAGNE,73,Compensation Beach,Compensation Beach,100,2023-10-02,2024-01-03,1000000,71,14084,False,legal_entity,legal_entity,1,sectional_title,True,lightstone_export
ST37309/2023,Compensation Beach,BALLITOVILLE,1370,0,SS MARATEA,14,Compensation Beach,Lindsay,23,2023-10-14,2023-12-21,2450000,188,13031,False,natural_person,natural_person,1,sectional_title,True,lightstone_export
ST36908/2023,Compensation Beach,FU,931,528,SS LA MONTAGNE,46,Compensation Beach,Compensation Beach,100,2022-04-14,2023-12-20,2000,70,28,False,legal_entity,natural_person,1,sectional_title,True,lightstone_export
ST36286/2023,Compensation Beach,FU,931,528,SS LA MONTAGNE,98,Compensation Beach,Compensation Beach,100,,2023-12-14,0,71,0,False,natural_person,natural_person,1,sectional_title,False,lightstone_export
ST36047/2023,Compensation Beach,FU,931,528,SS LA MONTAGNE,1,Compensation Beach,Compensation Beach,100,2023-10-04,2023-12-12,12000,38,315,False,legal_entity,natural_person,1,sectional_title,True,lightstone_export
ST36048/2023,Compensation Beach,FU,931,528,SS LA MONTAGNE,1,Compensation Beach,Compensation Beach,100,2023-11-21,2023-12-12,12000,38,315,False,natural_person,natural_person,1,sectional_title,True,lightstone_export
ST35496/2023,Compensation Beach,FU,931,522,SS THE BAY,20,Compensation Beach,Compensation Beach,96A,2023-09-12,2023-12-07,2500000,114,21929,False,natural_person,natural_person,2,sectional_title,True,lightstone_export
ST35356/2023,Compensation Beach,COMPENSATION BEACH EXT 1,36,1,SS LA BALLITO,50,Compensation Beach,Jack Powell,8,2023-09-22,2023-12-06,1440000,50,28800,False,natural_person,legal_entity,1,sectional_title,True,lightstone_export
ST35055/2023,Compensation Beach,FU,931,528,SS LA MONTAGNE,64,Compensation Beach,Compensation Beach,100,2021-12-15,2023-12-05,2000,36,55,False,legal_entity,natural_person,1,sectional_title,True,lightstone_export
ST35056/2023,Compensation Beach,FU,931,528,SS LA MONTAGNE,68,Compensation Beach,Compensation Beach,100,2021-12-15,2023-12-05,2000,45,44,False,natural_person,legal_entity,1,sectional_title,True,lightstone_export
ST35057/2023,Compensation Beach,FU,931,528,SS LA MONTAGNE,68,Compensation Beach,Compensation Beach,100,2021-12-15,2023-12-05,2000,45,44,False,natural_person,legal_entity,1,sectional_title,True,lightstone_export
ST35053/2023,Compensation Beach,FU,931,528,SS LA MONTAGNE,80,Compensation Beach,Compensation Beach,100,,2023-12-05,0,36,0,False,legal_entity,,1,sectional_title,False,lightstone_export
ST35054/2023,Compensation Beach,FU,931,528,SS LA MONTAGNE,80,Compensation Beach,Compensation Beach,100,2022-05-29,2023-12-05,20000,36,555,False,natural_person,natural_person,1,sectional_title,True,lightstone_export
ST35033/2023,Compensation Beach,FU,931,297,SS CORAL COVE LODGE,12,Compensation Beach,Compensation Beach,72,2023-10-17,2023-12-04,2400000,48,50000,False,natural_person,natural_person,2,sectional_title,True,lightstone_export
ST34697/2023,Compensation Beach,COMPENSATION BEACH EXT 1,36,1,SS LA BALLITO,17,Compensation Beach,Jack Powell,8,2023-10-12,2023-11-30,1600000,86,18604,False,legal_entity,natural_person,1,sectional_title,True,lightstone_export
ST34015/2023,Compensation Beach,FU,931,528,SS LA MONTAGNE,42,Compensation Beach,Compensation Beach,100,2022-10-04,2023-11-27,38222,36,1061,False,legal_entity,natural_person,1,sectional_title,True,lightstone_export
ST34015/2023,Compensation Beach,FU,931,528,SS LA MONTAGNE,116,Compensation Beach,Compensation Beach,100,2022-10-04,2023-11-27,38222,30,1274,False,legal_entity,natural_person,1,sectional_title,True,lightstone_export
ST34015/2023,Compensation Beach,FU,931,528,SS LA MONTAGNE,105,Compensation Beach,Compensation Beach,100,2022-10-04,2023-11-27,38222,30,1274,False,legal_entity,natural_person,1,sectional_title,True,lightstone_export
ST33797/2023,Compensation Beach,COMPENSATION BEACH,41,0,SS LA PIROGUE,12,Compensation Beach,Compensation Beach,97,2023-09-19,2023-11-24,2650000,178,14887,False,natural_person,natural_person,2,sectional_title,True,lightstone_export
ST33287/2023,Compensation Beach,FU,931,528,SS LA MONTAGNE,47,Compensation Beach,Compensation Beach,100,2023-05-16,2023-11-21,2000,71,28,False,legal_entity,natural_person,1,sectional_title,True,lightstone_export
ST33126/2023,Compensation Beach,FU,931,463,SS BALLITO MANOR,1506,Compensation Beach,Compensation Beach,102B,2022-11-02,2023-11-17,4275000,174,24568,False,legal_entity,legal_entity,1,sectional_title,True,lightstone_export
ST32056/2023,Compensation Beach,FU,931,531,SS LE PARADIS,9,Compensation Beach,Compensation Beach,64,2023-10-02,2023-11-08,2800000,134,20895,False,natural_person,natural_person,1,sectional_title,True,lightstone_export
ST29189/2023,Compensation Beach,FU,931,544,SS GOLDCLIFF,6,Compensation Beach,Compensation Beach,79,2023-06-13,2023-10-16,3150000,188,16755,False,natural_person,legal_entity,2,sectional_title,True,lightstone_export
ST29190/2023,Compensation Beach,BALLITOVILLE,1370,0,SS MARATEA,22,Compensation Beach,Lindsay,23,2023-08-19,2023-10-16,2500000,189,13227,False,natural_person,legal_entity,1,sectional_title,True,lightstone_export
ST28879/2023,Compensation Beach,FU,931,528,SS LA MONTAGNE,59,Compensation Beach,Compensation Beach,100,2022-11-17,2023-10-11,2000,71,28,False,natural_person,legal_entity,1,sectional_title,True,lightstone_export
ST28880/2023,Compensation Beach,FU,931,528,SS LA MONTAGNE,81,Compensation Beach,Compensation Beach,100,2022-11-17,2023-10-11,2000,71,28,False,legal_entity,natural_person,1,sectional_title,True,lightstone_export
ST27841/2023,Compensation Beach,FU,931,528,SS LA MONTAGNE,9,Compensation Beach,Compensation Beach,100,2020-07-13,2023-10-02,2000,37,54,False,legal_entity,natural_person,1,sectional_title,True,lightstone_export
ST27888/2023,Compensation Beach,FU,931,516,SS BOULDER BAY LODGE,29,Compensation Beach,,,2023-07-24,2023-10-02,2000,90,22,False,natural_person,legal_entity,1,sectional_title,True,lightstone_export
ST27412/2023,Compensation Beach,FU,931,528,SS LA MONTAGNE,117,Compensation Beach,Compensation Beach,100,,2023-09-26,0,30,0,False,natural_person,natural_person,1,sectional_title,False,lightstone_export
ST27290/2023,Compensation Beach,FU,931,528,SS LA MONTAGNE,124,Compensation Beach,Compensation Beach,100,2022-09-14,2023-09-26,2000,59,33,False,legal_entity,natural_person,1,sectional_title,True,lightstone_export
ST27384/2023,Compensation Beach,FU,931,351,SS CASABLANCA,2,Compensation Beach,Compensation Beach,98,2023-07-08,2023-09-26,2870000,128,22421,False,legal_entity,natural_person,1,sectional_title,True,lightstone_export
ST27247/2023,Compensation Beach,FU,931,528,SS LA MONTAGNE,65,Compensation Beach,Compensation Beach,100,2023-05-11,2023-09-22,2000,36,55,False,legal_entity,natural_person,1,sectional_title,True,lightstone_export
ST27155/2023,Compensation Beach,FU,931,528,SS LA MONTAGNE,75,Compensation Beach,Compensation Beach,100,2022-08-23,2023-09-22,2000,70,28,False,legal_entity,natural_person,1,sectional_title,True,lightstone_export
ST26745/2023,Compensation Beach,FU,931,528,SS LA MONTAGNE,59,Compensation Beach,Compensation Beach,100,2016-06-10,2023-09-19,9625,71,135,False,legal_entity,legal_entity,1,sectional_title,True,lightstone_export
ST26741/2023,Compensation Beach,FU,931,528,SS LA MONTAGNE,73,Compensation Beach,Compensation Beach,100,2021-11-30,2023-09-19,4000,71,56,False,legal_entity,legal_entity,1,sectional_title,True,lightstone_export
ST26742/2023,Compensation Beach,FU,931,528,SS LA MONTAGNE,73,Compensation Beach,Compensation Beach,100,2021-11-30,2023-09-19,64000,71,901,False,legal_entity,legal_entity,1,sectional_title,True,lightstone_export
ST26736/2023,Compensation Beach,FU,931,528,SS LA MONTAGNE,92,Compensation Beach,Compensation Beach,100,,2023-09-19,0,69,0,False,legal_entity,natural_person,1,sectional_title,False,lightstone_export
ST26737/2023,Compensation Beach,FU,931,528,SS LA MONTAGNE,99,Compensation Beach,Compensation Beach,100,,2023-09-19,0,80,0,False,natural_person,legal_entity,1,sectional_title,False,lightstone_export
ST26739/2023,Compensation Beach,FU,931,528,SS LA MONTAGNE,82,Compensation Beach,Compensation Beach,100,,2023-09-19,0,71,0,False,legal_entity,natural_person,1,sectional_title,False,lightstone_export
ST26735/2023,Compensation Beach,FU,931,528,SS LA MONTAGNE,91,Compensation Beach,Compensation Beach,100,,2023-09-19,0,71,0,False,natural_person,legal_entity,2,sectional_title,False,lightstone_export
ST26740/2023,Compensation Beach,FU,931,528,SS LA MONTAGNE,91,Compensation Beach,Compensation Beach,100,2021-11-30,2023-09-19,6000,71,84,False,legal_entity,legal_entity,1,sectional_title,True,lightstone_export
ST26741/2023,Compensation Beach,FU,931,528,SS LA MONTAGNE,91,Compensation Beach,Compensation Beach,100,2021-11-30,2023-09-19,4000,71,56,False,legal_entity,legal_entity,1,sectional_title,True,lightstone_export
ST26742/2023,Compensation Beach,FU,931,528,SS LA MONTAGNE,91,Compensation Beach,Compensation Beach,100,2021-11-30,2023-09-19,64000,71,901,False,legal_entity,legal_entity,1,sectional_title,True,lightstone_export
ST26743/2023,Compensation Beach,FU,931,528,SS LA MONTAGNE,91,Compensation Beach,Compensation Beach,100,2021-11-30,2023-09-19,12000,71,169,False,legal_entity,legal_entity,1,sectional_title,True,lightstone_export
ST26872/2023,Compensation Beach,COMPENSATION BEACH EXT 1,36,1,SS LA BALLITO,94,Compensation Beach,Jack Powell,8,2023-08-14,2023-09-19,1980000,86,23023,False,legal_entity,natural_person,1,sectional_title,True,lightstone_export
ST26744/2023,Compensation Beach,FU,931,528,SS LA MONTAGNE,96,Compensation Beach,Compensation Beach,100,2021-11-30,2023-09-19,82000,70,1171,False,legal_entity,legal_entity,1,sectional_title,True,lightstone_export
ST26742/2023,Compensation Beach,FU,931,528,SS LA MONTAGNE,60,Compensation Beach,Compensation Beach,100,2021-11-30,2023-09-19,64000,71,901,False,legal_entity,legal_entity,1,sectional_title,True,lightstone_export
ST26365/2023,Compensation Beach,FU,931,528,SS LA MONTAGNE,100,Compensation Beach,Compensation Beach,100,2022-11-17,2023-09-14,2000,71,28,False,natural_person,legal_entity,1,sectional_title,True,lightstone_export
ST26366/2023,Compensation Beach,FU,931,528,SS LA MONTAGNE,67,Compensation Beach,Compensation Beach,100,2022-11-17,2023-09-14,2000,71,28,False,legal_entity,natural_person,1,sectional_title,True,lightstone_export
T26085/2023,Compensation Beach,BALLITOVILLE,203,0,,,Compensation Beach,Adrienne,22,2023-01-09,2023-09-12,7000000,1119,6255,False,legal_entity,legal_entity,1,freehold,True,lightstone_export
ST25639/2023,Compensation Beach,BALLITOVILLE,1374,0,SS OCEAN HEIGHTS,5,Compensation Beach,General Lights,37744,2023-06-09,2023-09-06,2400000,138,17391,False,natural_person,natural_person,2,sectional_title,True,lightstone_export
ST25639/2023,Compensation Beach,BALLITOVILLE,1374,0,SS OCEAN HEIGHTS,27,Compensation Beach,General Lights,37744,2023-06-09,2023-09-06,2400000,20,120000,False,natural_person,natural_person,2,sectional_title,True,lightstone_export
ST25563/2023,Compensation Beach,FU,931,528,SS LA MONTAGNE,60,Compensation Beach,Compensation Beach,100,2023-05-20,2023-09-06,2000,71,28,False,legal_entity,natural_person,1,sectional_title,True,lightstone_export
ST24854/2023,Compensation Beach,COMPENSATION BEACH EXT 1,36,1,SS LA BALLITO,104,Compensation Beach,Jack Powell,8,2023-04-25,2023-08-31,1300000,51,25490,False,natural_person,natural_person,2,sectional_title,True,lightstone_export
ST24720/2023,Compensation Beach,FU,931,528,SS LA MONTAGNE,78,Compensation Beach,Compensation Beach,100,2023-05-07,2023-08-29,2000,71,28,False,legal_entity,natural_person,1,sectional_title,True,lightstone_export
ST24721/2023,Compensation Beach,FU,931,528,SS LA MONTAGNE,8,Compensation Beach,Compensation Beach,100,2023-03-09,2023-08-29,2000,37,54,False,legal_entity,natural_person,1,sectional_title,True,lightstone_export
ST24590/2023,Compensation Beach,FU,931,528,SS LA MONTAGNE,21,Compensation Beach,Compensation Beach,100,2022-10-12,2023-08-28,2000,80,25,False,legal_entity,legal_entity,1,sectional_title,True,lightstone_export
ST24581/2023,Compensation Beach,COMPENSATION BEACH EXT 1,36,1,SS LA BALLITO,37,Compensation Beach,Jack Powell,8,2023-05-07,2023-08-28,1100000,50,22000,False,legal_entity,natural_person,1,sectional_title,True,lightstone_export
ST24284/2023,Compensation Beach,FU,931,528,SS LA MONTAGNE,15,Compensation Beach,Compensation Beach,100,2023-03-29,2023-08-25,4500,74,60,False,natural_person,natural_person,1,sectional_title,True,lightstone_export
ST24100/2023,Compensation Beach,FU,931,528,SS LA MONTAGNE,92,Compensation Beach,Compensation Beach,100,2021-11-22,2023-08-24,2000,69,28,False,legal_entity,natural_person,1,sectional_title,True,lightstone_export
ST24101/2023,Compensation Beach,FU,931,528,SS LA MONTAGNE,114,Compensation Beach,Compensation Beach,100,2021-11-22,2023-08-24,2000,59,33,False,natural_person,legal_entity,1,sectional_title,True,lightstone_export
ST23902/2023,Compensation Beach,COMPENSATION BEACH,41,0,SS LA PIROGUE,57,Compensation Beach,Compensation Beach,97,2023-04-24,2023-08-22,3600000,235,15319,False,natural_person,natural_person,2,sectional_title,True,lightstone_export
T23219/2023,Compensation Beach,BALLITOVILLE,217,0,,,Compensation Beach,Lindsay,14,2023-05-05,2023-08-17,2985000,1064,2805,False,legal_entity,legal_entity,1,freehold,True,lightstone_export
ST23295/2023,Compensation Beach,FU,931,516,SS BOULDER BAY LODGE,23,Compensation Beach,,,,2023-08-17,0,70,0,False,natural_person,natural_person,1,sectional_title,False,lightstone_export
ST23293/2023,Compensation Beach,FU,931,497,SS LES MOUETTES,17,Compensation Beach,Compensation Beach,96B,,2023-08-17,0,92,0,False,legal_entity,natural_person,1,sectional_title,False,lightstone_export
ST23292/2023,Compensation Beach,FU,931,497,SS LES MOUETTES,16,Compensation Beach,Compensation Beach,96B,,2023-08-17,0,81,0,False,natural_person,legal_entity,1,sectional_title,False,lightstone_export
ST22776/2023,Compensation Beach,FU,931,263,SS THE GRANGE BALLITO,8,Compensation Beach,Compensation Beach,92B,2023-04-24,2023-08-11,2950000,113,26106,False,legal_entity,natural_person,1,sectional_title,True,lightstone_export
T21824/2023,Compensation Beach,BALLITOVILLE,171,0,,,Compensation Beach,Marion,15,,2023-08-01,0,1276,0,False,natural_person,natural_person,2,freehold,False,lightstone_export
T21875/2023,Compensation Beach,BALLITOVILLE,236,0,,,Compensation Beach,Lindsay,22,2022-12-12,2023-08-01,4950000,1301,3804,False,natural_person,natural_person,1,freehold,True,lightstone_export
ST21533/2023,Compensation Beach,FU,931,528,SS LA MONTAGNE,131,Compensation Beach,Compensation Beach,100,2023-06-01,2023-07-31,95000,88,1079,False,natural_person,natural_person,2,sectional_title,True,lightstone_export
ST21532/2023,Compensation Beach,FU,931,528,SS LA MONTAGNE,98,Compensation Beach,Compensation Beach,100,2022-02-14,2023-07-31,2000,71,28,False,legal_entity,natural_person,1,sectional_title,True,lightstone_export
ST21488/2023,Compensation Beach,FU,931,351,SS CASABLANCA,20,Compensation Beach,Compensation Beach,98,2023-06-23,2023-07-28,2726000,165,16521,False,natural_person,natural_person,1,sectional_title,True,lightstone_export
ST21377/2023,Compensation Beach,FU,931,528,SS LA MONTAGNE,40,Compensation Beach,Compensation Beach,100,2023-06-08,2023-07-27,70000,71,985,False,natural_person,legal_entity,2,sectional_title,True,lightstone_export
ST21053/2023,Compensation Beach,FU,931,528,SS LA MONTAGNE,129,Compensation Beach,Compensation Beach,100,2022-11-02,2023-07-25,2000,59,33,False,legal_entity,natural_person,1,sectional_title,True,lightstone_export
ST20916/2023,Compensation Beach,FU,931,528,SS LA MONTAGNE,48,Compensation Beach,Compensation Beach,100,2023-05-19,2023-07-24,70000,36,1944,False,natural_person,natural_person,2,sectional_title,True,lightstone_export
ST20629/2023,Compensation Beach,FU,931,297,SS CORAL COVE LODGE,4,Compensation Beach,Compensation Beach,72,2023-04-18,2023-07-20,1125500,51,22068,False,natural_person,natural_person,1,sectional_title,True,lightstone_export
ST19668/2023,Compensation Beach,FU,931,528,SS LA MONTAGNE,92,Compensation Beach,Compensation Beach,100,2021-12-06,2023-07-14,2000,69,28,False,legal_entity,natural_person,1,sectional_title,True,lightstone_export
ST19669/2023,Compensation Beach,FU,931,528,SS LA MONTAGNE,104,Compensation Beach,Compensation Beach,100,2021-12-06,2023-07-14,2000,59,33,False,natural_person,legal_entity,1,sectional_title,True,lightstone_export
T19499/2023,Compensation Beach,BALLITOVILLE,1099,0,,,Compensation Beach,Marion,6,2023-05-07,2023-07-13,4700000,2295,2047,False,natural_person,natural_person,2,freehold,True,lightstone_export
ST19532/2023,Compensation Beach,FU,931,351,SS CASABLANCA,14,Compensation Beach,Compensation Beach,98,2023-03-28,2023-07-13,2200000,154,14285,False,natural_person,natural_person,2,sectional_title,True,lightstone_export
ST18842/2023,Compensation Beach,FU,931,468,SS THE BOULDERS,58,Compensation Beach,Compensation Beach,84AB,2023-03-28,2023-07-06,3250000,153,21241,False,natural_person,legal_entity,2,sectional_title,True,lightstone_export
ST17460/2023,Compensation Beach,FU,931,528,SS LA MONTAGNE,4,Compensation Beach,Compensation Beach,100,2022-12-19,2023-06-26,65000,85,764,False,natural_person,natural_person,2,sectional_title,True,lightstone_export
ST17404/2023,Compensation Beach,FU,931,263,SS THE GRANGE BALLITO,4,Compensation Beach,Compensation Beach,92B,2023-03-15,2023-06-23,3250000,145,22413,False,natural_person,natural_person,1,sectional_title,True,lightstone_export
ST17441/2023,Compensation Beach,FU,931,436,SS BERMUDA,28,Compensation Beach,Compensation Beach,102A,2023-03-23,2023-06-23,6250000,229,27292,False,legal_entity,legal_entity,1,sectional_title,True,lightstone_export
ST16952/2023,Compensation Beach,FU,931,436,SS BERMUDA,8,Compensation Beach,Compensation Beach,102A,2023-03-14,2023-06-20,2900000,90,32222,False,legal_entity,natural_person,1,sectional_title,True,lightstone_export
ST16281/2023,Compensation Beach,FU,931,528,SS LA MONTAGNE,50,Compensation Beach,Compensation Beach,100,2023-05-16,2023-06-14,220000,71,3098,False,natural_person,natural_person,2,sectional_title,True,lightstone_export
ST16288/2023,Compensation Beach,FU,931,468,SS THE BOULDERS,60,Compensation Beach,Compensation Beach,84AB,2023-04-20,2023-06-14,3650000,153,23856,False,legal_entity,natural_person,1,sectional_title,True,lightstone_export
ST15941/2023,Compensation Beach,FU,931,497,SS LES MOUETTES,16,Compensation Beach,Compensation Beach,96B,2023-03-08,2023-06-09,2750000,81,33950,False,legal_entity,natural_person,1,sectional_title,True,lightstone_export
ST15641/2023,Compensation Beach,FU,931,528,SS LA MONTAGNE,21,Compensation Beach,Compensation Beach,100,2022-10-17,2023-06-08,2000,80,25,False,legal_entity,natural_person,1,sectional_title,True,lightstone_export
ST14647/2023,Compensation Beach,FU,931,528,SS LA MONTAGNE,71,Compensation Beach,Compensation Beach,100,2022-10-04,2023-05-30,2000,45,44,False,legal_entity,natural_person,1,sectional_title,True,lightstone_export
ST14647/2023,Compensation Beach,FU,931,528,SS LA MONTAGNE,126,Compensation Beach,Compensation Beach,100,2022-10-04,2023-05-30,2000,59,33,False,legal_entity,natural_person,1,sectional_title,True,lightstone_export
ST14628/2023,Compensation Beach,FU,931,528,SS LA MONTAGNE,60,Compensation Beach,Compensation Beach,100,2023-04-06,2023-05-30,70000,71,985,False,natural_person,natural_person,2,sectional_title,True,lightstone_export
ST14316/2023,Compensation Beach,FU,931,528,SS LA MONTAGNE,59,Compensation Beach,Compensation Beach,100,2022-11-26,2023-05-29,2000,71,28,False,legal_entity,natural_person,1,sectional_title,True,lightstone_export
ST14447/2023,Compensation Beach,FU,931,528,SS LA MONTAGNE,7,Compensation Beach,Compensation Beach,100,2021-09-17,2023-05-29,2000,82,24,False,legal_entity,natural_person,1,sectional_title,True,lightstone_export
ST13913/2023,Compensation Beach,FU,931,528,SS LA MONTAGNE,94,Compensation Beach,Compensation Beach,100,2021-05-10,2023-05-25,2000,36,55,False,legal_entity,natural_person,1,sectional_title,True,lightstone_export
ST14052/2023,Compensation Beach,FU,931,531,SS LE PARADIS,3,Compensation Beach,Compensation Beach,64,2023-02-15,2023-05-25,1800000,100,18000,False,legal_entity,legal_entity,1,sectional_title,True,lightstone_export
ST13643/2023,Compensation Beach,FU,931,528,SS LA MONTAGNE,126,Compensation Beach,Compensation Beach,100,2021-03-24,2023-05-23,2000,59,33,False,legal_entity,natural_person,1,sectional_title,True,lightstone_export
ST13643/2023,Compensation Beach,FU,931,528,SS LA MONTAGNE,80,Compensation Beach,Compensation Beach,100,2021-03-24,2023-05-23,2000,36,55,False,legal_entity,natural_person,1,sectional_title,True,lightstone_export
ST12738/2023,Compensation Beach,FU,931,516,SS BOULDER BAY LODGE,24,Compensation Beach,,,,2023-05-15,0,63,0,False,natural_person,natural_person,1,sectional_title,False,lightstone_export
ST12619/2023,Compensation Beach,FU,931,528,SS LA MONTAGNE,67,Compensation Beach,Compensation Beach,100,2022-09-29,2023-05-15,2000,71,28,False,legal_entity,natural_person,1,sectional_title,True,lightstone_export
ST12463/2023,Compensation Beach,FU,931,528,SS LA MONTAGNE,22,Compensation Beach,Compensation Beach,100,2022-06-27,2023-05-12,2000,71,28,False,natural_person,legal_entity,1,sectional_title,True,lightstone_export
ST12462/2023,Compensation Beach,FU,931,528,SS LA MONTAGNE,66,Compensation Beach,Compensation Beach,100,2022-06-27,2023-05-12,2000,71,28,False,legal_entity,natural_person,1,sectional_title,True,lightstone_export
ST12399/2023,Compensation Beach,FU,931,468,SS THE BOULDERS,47,Compensation Beach,Compensation Beach,84AB,2022-10-29,2023-05-11,3150000,122,25819,False,legal_entity,legal_entity,1,sectional_title,True,lightstone_export
ST12388/2023,Compensation Beach,FU,931,516,SS BOULDER BAY LODGE,9,Compensation Beach,,,2022-08-08,2023-05-11,2900000,65,44615,False,legal_entity,natural_person,1,sectional_title,True,lightstone_export
T12164/2023,Compensation Beach,BALLITOVILLE,176,0,,,Compensation Beach,Marion,7,2023-02-14,2023-05-10,3450000,1415,2438,False,natural_person,natural_person,1,freehold,True,lightstone_export
T12134/2023,Compensation Beach,BALLITOVILLE,178,0,,,Compensation Beach,Marion,5A,2023-02-07,2023-05-10,3400000,1343,2531,False,natural_person,natural_person,2,freehold,True,lightstone_export
ST12270/2023,Compensation Beach,FU,931,464,SS VALLEN LODGE,8,Compensation Beach,Compensation Beach,80,2022-12-19,2023-05-10,2000000,152,13157,False,legal_entity,legal_entity,1,sectional_title,True,lightstone_export
ST12246/2023,Compensation Beach,COMPENSATION BEACH EXT 1,36,1,SS LA BALLITO,61,Compensation Beach,Jack Powell,8,2023-01-23,2023-05-10,1650000,50,33000,False,legal_entity,legal_entity,1,sectional_title,True,lightstone_export
ST12245/2023,Compensation Beach,COMPENSATION BEACH EXT 1,36,1,SS LA BALLITO,49,Compensation Beach,Jack Powell,8,2023-01-23,2023-05-10,1650000,56,29464,False,natural_person,legal_entity,1,sectional_title,True,lightstone_export
ST11628/2023,Compensation Beach,FU,931,351,SS CASABLANCA,8,Compensation Beach,Compensation Beach,98,2023-04-10,2023-05-05,2000000,128,15625,False,natural_person,natural_person,1,sectional_title,True,lightstone_export
ST11285/2023,Compensation Beach,FU,931,528,SS LA MONTAGNE,83,Compensation Beach,Compensation Beach,100,2021-07-21,2023-05-04,2000,45,44,False,legal_entity,natural_person,1,sectional_title,True,lightstone_export
ST11240/2023,Compensation Beach,COMPENSATION BEACH EXT 1,36,1,SS LA BALLITO,45,Compensation Beach,Jack Powell,8,2022-10-12,2023-05-03,1650000,86,19186,False,legal_entity,natural_person,1,sectional_title,True,lightstone_export
ST10954/2023,Compensation Beach,FU,931,528,SS LA MONTAGNE,131,Compensation Beach,Compensation Beach,100,2022-10-27,2023-05-02,2000,88,22,False,legal_entity,natural_person,1,sectional_title,True,lightstone_export
ST10784/2023,Compensation Beach,FU,931,528,SS LA MONTAGNE,65,Compensation Beach,Compensation Beach,100,2022-10-07,2023-04-28,2000,36,55,False,legal_entity,natural_person,1,sectional_title,True,lightstone_export
ST10645/2023,Compensation Beach,FU,931,528,SS LA MONTAGNE,90,Compensation Beach,Compensation Beach,100,2023-02-09,2023-04-26,2000,36,55,False,legal_entity,natural_person,1,sectional_title,True,lightstone_export
ST10291/2023,Compensation Beach,FU,931,528,SS LA MONTAGNE,20,Compensation Beach,Compensation Beach,100,2022-05-11,2023-04-25,1000000,71,14084,False,natural_person,legal_entity,1,sectional_title,True,lightstone_export
ST10140/2023,Compensation Beach,FU,931,528,SS LA MONTAGNE,115,Compensation Beach,Compensation Beach,100,2022-11-02,2023-04-25,1760000,73,24109,False,natural_person,natural_person,1,sectional_title,True,lightstone_export
ST10267/2023,Compensation Beach,FU,931,528,SS LA MONTAGNE,76,Compensation Beach,Compensation Beach,100,2022-02-14,2023-04-25,2000,36,55,False,legal_entity,natural_person,1,sectional_title,True,lightstone_export
ST10291/2023,Compensation Beach,FU,931,528,SS LA MONTAGNE,22,Compensation Beach,Compensation Beach,100,2022-05-11,2023-04-25,1000000,71,14084,False,natural_person,legal_entity,1,sectional_title,True,lightstone_export
ST10140/2023,Compensation Beach,FU,931,528,SS LA MONTAGNE,49,Compensation Beach,Compensation Beach,100,2022-11-02,2023-04-25,1760000,45,39111,False,natural_person,natural_person,1,sectional_title,True,lightstone_export
ST10268/2023,Compensation Beach,FU,931,528,SS LA MONTAGNE,93,Compensation Beach,Compensation Beach,100,2021-12-06,2023-04-25,2000,36,55,False,legal_entity,natural_person,1,sectional_title,True,lightstone_export
ST10269/2023,Compensation Beach,FU,931,528,SS LA MONTAGNE,94,Compensation Beach,Compensation Beach,100,2021-11-22,2023-04-25,2000,36,55,False,legal_entity,natural_person,1,sectional_title,True,lightstone_export
ST10270/2023,Compensation Beach,FU,931,528,SS LA MONTAGNE,106,Compensation Beach,Compensation Beach,100,2022-01-27,2023-04-25,2000,30,66,False,natural_person,legal_entity,2,sectional_title,True,lightstone_export
ST10271/2023,Compensation Beach,FU,931,528,SS LA MONTAGNE,106,Compensation Beach,Compensation Beach,100,2021-12-06,2023-04-25,2000,30,66,False,natural_person,legal_entity,1,sectional_title,True,lightstone_export
ST10272/2023,Compensation Beach,FU,931,528,SS LA MONTAGNE,106,Compensation Beach,Compensation Beach,100,2021-11-22,2023-04-25,2000,30,66,False,natural_person,legal_entity,1,sectional_title,True,lightstone_export
ST10003/2023,Compensation Beach,FU,931,528,SS LA MONTAGNE,40,Compensation Beach,Compensation Beach,100,2022-09-20,2023-04-24,2000,71,28,False,legal_entity,natural_person,1,sectional_title,True,lightstone_export
ST10004/2023,Compensation Beach,FU,931,528,SS LA MONTAGNE,27,Compensation Beach,Compensation Beach,100,2022-11-15,2023-04-24,2000,36,55,False,legal_entity,natural_person,1,sectional_title,True,lightstone_export
ST9449/2023,Compensation Beach,FU,931,528,SS LA MONTAGNE,14,Compensation Beach,Compensation Beach,100,2013-12-03,2023-04-20,2000,74,27,False,legal_entity,natural_person,1,sectional_title,True,lightstone_export
ST9447/2023,Compensation Beach,FU,931,528,SS LA MONTAGNE,78,Compensation Beach,Compensation Beach,100,2022-11-21,2023-04-20,17000,71,239,False,legal_entity,natural_person,1,sectional_title,True,lightstone_export
ST9448/2023,Compensation Beach,FU,931,516,SS BOULDER BAY LODGE,14,Compensation Beach,,,2023-01-30,2023-04-20,10000,63,158,False,natural_person,natural_person,1,sectional_title,True,lightstone_export
ST9253/2023,Compensation Beach,FU,931,468,SS THE BOULDERS,25,Compensation Beach,Compensation Beach,84AB,,2023-04-18,0,46,0,False,legal_entity,natural_person,1,sectional_title,False,lightstone_export
ST9084/2023,Compensation Beach,FU,931,528,SS LA MONTAGNE,99,Compensation Beach,Compensation Beach,100,2022-10-27,2023-04-17,2000,80,25,False,legal_entity,natural_person,1,sectional_title,True,lightstone_export
ST8650/2023,Compensation Beach,FU,931,528,SS LA MONTAGNE,68,Compensation Beach,Compensation Beach,100,,2023-04-12,0,45,0,False,natural_person,legal_entity,1,sectional_title,False,lightstone_export
ST8651/2023,Compensation Beach,FU,931,528,SS LA MONTAGNE,65,Compensation Beach,Compensation Beach,100,,2023-04-12,0,36,0,False,legal_entity,natural_person,1,sectional_title,False,lightstone_export
